id,first_name,last_name,email,gender,ip_address
1,Dunn,Adnams,dadnams0@cnet.com,Male,48.4.69.58
2,Giulietta,Everly,geverly1@over-blog.com,Female,54.78.192.224
3,Bord,Zecchinii,bzecchinii2@cbsnews.com,Male,222.8.216.89
4,Harriette,Goakes,hgoakes3@mlb.com,Female,63.184.173.218
5,Julietta,Cardenas,jcardenas4@time.com,Female,27.68.175.80
6,Devi,Josephov,djosephov5@infoseek.co.jp,Female,192.49.251.226
7,Bailie,Grigorio,bgrigorio6@yale.edu,Male,118.190.53.178
8,Bryon,Ing,bing7@japanpost.jp,Male,157.121.159.220
9,Jodee,Ciottoi,jciottoi8@wufoo.com,Female,210.174.226.246
10,Mariana,Thomasson,mthomasson9@netscape.com,Female,20.0.100.153
11,Mariska,Wedderburn,mwedderburna@stanford.edu,Female,188.90.120.164
12,Paule,Koles,pkolesb@yandex.ru,Female,253.77.251.104
13,Tulley,Eathorne,teathornec@topsy.com,Male,152.116.135.40
14,Kassey,Kreber,kkreberd@barnesandnoble.com,Female,16.188.253.77
15,Tommy,Bonnaire,tbonnairee@example.com,Male,7.59.233.5
16,Daune,Duckhouse,dduckhousef@artisteer.com,Female,101.251.91.124
17,Ulrike,Ahren,uahreng@multiply.com,Female,89.234.222.212
18,Malynda,Klemmt,mklemmth@mashable.com,Female,180.225.48.225
19,Wandie,Alyukin,walyukini@tinyurl.com,Female,199.154.205.206
20,Carol-jean,Reihm,creihmj@sciencedirect.com,Female,140.46.141.38
21,Ranna,Schechter,rschechterk@google.co.uk,Female,172.124.17.192
22,Maurene,Hanretty,mhanrettyl@taobao.com,Female,202.197.150.147
23,Renie,Jerrems,rjerremsm@slate.com,Female,36.231.242.112
24,Desmund,Greer,dgreern@domainmarket.com,Male,250.63.138.23
25,Lyndsey,Zisneros,lzisneroso@gov.uk,Female,98.198.71.39
26,Clayborn,Kordas,ckordasp@photobucket.com,Male,200.244.162.186
27,Modestia,Brehat,mbrehatq@wordpress.org,Female,241.151.105.82
28,Lombard,MacCaughey,lmaccaugheyr@nhs.uk,Male,61.106.95.193
29,Bennie,Dumingo,bdumingos@netvibes.com,Male,128.142.106.13
30,Laina,Chilley,lchilleyt@sina.com.cn,Female,165.42.136.69
31,Randa,McArte,rmcarteu@flickr.com,Female,123.136.130.67
32,Nolan,Grimsley,ngrimsleyv@engadget.com,Male,115.141.66.165
33,Orville,Givens,ogivensw@vkontakte.ru,Male,190.124.218.9
34,Kylie,Corbin,kcorbinx@msn.com,Female,101.58.213.143
35,Stafford,Challinor,schallinory@unc.edu,Male,161.157.188.52
36,Marina,Dundredge,mdundredgez@uiuc.edu,Female,54.26.97.44
37,Ortensia,Rizzone,orizzone10@guardian.co.uk,Female,245.20.235.63
38,Barton,Loughton,bloughton11@behance.net,Male,103.10.145.192
39,Shelly,Maciejak,smaciejak12@yahoo.com,Female,53.131.162.53
40,Bendite,Royden,broyden13@upenn.edu,Female,199.161.138.158
41,Augustin,Robichon,arobichon14@seattletimes.com,Male,196.211.253.77
42,Schuyler,Petrazzi,spetrazzi15@cocolog-nifty.com,Male,155.248.226.143
43,Mallissa,MacMearty,mmacmearty16@loc.gov,Female,139.52.135.23
44,Wilburt,Garstang,wgarstang17@ucla.edu,Male,228.209.57.92
45,Stanton,Treadwell,streadwell18@mapquest.com,Non-binary,182.104.177.225
46,Geoff,Ackeroyd,gackeroyd19@ox.ac.uk,Male,177.199.183.19
47,Margi,Triplow,mtriplow1a@harvard.edu,Female,19.115.183.237
48,Eliza,Ingraham,eingraham1b@amazon.de,Female,80.2.212.202
49,Marleah,Aronow,maronow1c@domainmarket.com,Genderqueer,154.76.223.188
50,Hedy,Tabary,htabary1d@mapy.cz,Female,37.136.240.39
51,Iain,Charnick,icharnick1e@mlb.com,Male,189.64.164.143
52,Cordie,Jobes,cjobes1f@weebly.com,Male,234.103.241.163
53,Gilles,Bellocht,gbellocht1g@mlb.com,Male,254.42.185.108
54,Karleen,Tremontana,ktremontana1h@google.com.hk,Agender,108.225.167.116
55,Chadd,Tandey,ctandey1i@alibaba.com,Male,179.52.95.13
56,Nance,Bennough,nbennough1j@unicef.org,Genderqueer,1.215.175.146
57,Tracie,Humphery,thumphery1k@usatoday.com,Male,254.53.191.126
58,Emiline,Covill,ecovill1l@prweb.com,Female,16.186.110.2
59,Ode,Prott,oprott1m@narod.ru,Male,114.71.67.23
60,Brodie,Hubbins,bhubbins1n@php.net,Male,79.66.27.153
61,Ed,Zelner,ezelner1o@alexa.com,Male,200.108.45.244
62,Melany,Noto,mnoto1p@bigcartel.com,Female,85.100.8.209
63,Kore,Fellgate,kfellgate1q@wp.com,Female,190.42.224.204
64,Anastasia,Follows,afollows1r@sogou.com,Female,76.84.187.76
65,Kenn,Eveque,keveque1s@cmu.edu,Male,238.94.222.41
66,Emile,Drioli,edrioli1t@dot.gov,Male,107.42.131.146
67,Ezri,Roiz,eroiz1u@lycos.com,Male,42.75.194.192
68,Melvyn,Cornels,mcornels1v@goo.gl,Male,209.177.13.253
69,Rebecca,Claypool,rclaypool1w@nih.gov,Female,101.60.170.22
70,Gael,Simonnot,gsimonnot1x@wired.com,Male,255.77.135.32
71,Antoni,Dingate,adingate1y@creativecommons.org,Male,30.189.50.45
72,Byrann,Lung,blung1z@google.es,Male,53.209.129.97
73,Courtney,Barczynski,cbarczynski20@tmall.com,Female,198.50.11.171
74,Darrin,Serris,dserris21@usgs.gov,Male,232.112.55.98
75,Shaw,Shipperbottom,sshipperbottom22@hostgator.com,Male,241.106.201.195
76,Cesare,Elsay,celsay23@miitbeian.gov.cn,Male,63.21.72.250
77,Herculie,Soans,hsoans24@npr.org,Non-binary,34.61.234.124
78,Carson,Phillcox,cphillcox25@jigsy.com,Male,75.155.177.70
79,Bondy,Stanlack,bstanlack26@mapquest.com,Male,176.237.67.11
80,Alberto,Lympany,alympany27@hc360.com,Male,208.172.64.181
81,Ericka,Macallam,emacallam28@webmd.com,Female,175.6.36.14
82,Pamelina,Wolton,pwolton29@oracle.com,Female,138.253.139.170
83,Isidore,Ivashintsov,iivashintsov2a@discuz.net,Male,83.114.87.47
84,Esra,Haynes,ehaynes2b@biglobe.ne.jp,Male,0.1.27.216
85,Oates,Crigin,ocrigin2c@topsy.com,Genderqueer,91.223.234.172
86,Darby,Truckell,dtruckell2d@ihg.com,Male,253.116.228.189
87,Matthaeus,Norheny,mnorheny2e@aboutads.info,Male,177.37.123.177
88,Kendall,McPeck,kmcpeck2f@clickbank.net,Male,205.198.222.15
89,Davidde,Grafton,dgrafton2g@miitbeian.gov.cn,Male,212.142.20.178
90,Pate,Glasscock,pglasscock2h@msn.com,Male,136.107.16.109
91,Hortense,Costelloe,hcostelloe2i@miibeian.gov.cn,Female,85.241.240.246
92,Cordelia,Coaker,ccoaker2j@icq.com,Female,33.126.158.99
93,Francoise,Pickles,fpickles2k@bloomberg.com,Female,209.203.193.155
94,Brooks,Duran,bduran2l@army.mil,Male,143.123.246.169
95,Paten,Philler,pphiller2m@squarespace.com,Genderfluid,68.76.135.52
96,Frank,Bodicum,fbodicum2n@sourceforge.net,Genderfluid,6.182.122.128
97,Jackie,Delacroix,jdelacroix2o@ibm.com,Female,202.77.177.248
98,Marlee,Follit,mfollit2p@weebly.com,Female,147.194.17.23
99,Timmy,Underwood,tunderwood2q@usa.gov,Female,86.205.253.170
100,Hewie,Wadesworth,hwadesworth2r@de.vu,Male,210.0.29.145
