id,first_name,last_name,email,gender,ip_address
101,Holmes,Sibborn,hsibborn0@foxnews.com,Male,246.3.215.208
102,Leonard,Wollard,lwollard1@businesswire.com,Male,103.134.46.229
103,Giffie,Meineck,gmeineck2@hhs.gov,Male,30.162.174.243
104,Josephina,Braizier,jbraizier3@howstuffworks.com,Female,170.115.247.253
105,Cornie,Benoy,cbenoy4@cnn.com,Male,165.208.214.147
106,Pyotr,Saing,psaing5@cpanel.net,Male,185.54.3.181
107,Granville,Lindblom,glindblom6@macromedia.com,Male,232.129.244.238
108,Iorgos,Gosby,igosby7@qq.com,Male,169.116.65.148
109,Siffre,Geggie,sgeggie8@blogger.com,Bigender,119.165.240.53
110,Olav,Ducham,oducham9@privacy.gov.au,Male,227.17.210.10
111,Patin,Marvin,pmarvina@forbes.com,Male,128.209.72.1
112,Tremayne,Dimock,tdimockb@weibo.com,Male,170.139.157.10
113,Halsey,Soldi,hsoldic@addtoany.com,Male,186.68.44.4
114,Keven,Winear,kwineard@ft.com,Male,151.122.145.27
115,Gwendolin,O'Farrell,gofarrelle@virginia.edu,Female,109.64.45.114
116,Pepita,Scholig,pscholigf@ning.com,Female,97.204.204.190
117,Ginevra,Androletti,gandrolettig@apple.com,Genderfluid,32.69.129.93
118,Cos,De Cruce,cdecruceh@si.edu,Male,75.199.119.119
119,Afton,Ayllett,aaylletti@who.int,Female,10.57.124.203
120,Whittaker,Gleder,wglederj@feedburner.com,Male,107.131.229.46
121,Dag,Rault,draultk@nymag.com,Male,177.226.6.31
122,Arielle,Cutmore,acutmorel@dyndns.org,Female,205.64.90.22
123,Annice,Ormshaw,aormshawm@zdnet.com,Non-binary,9.95.152.252
124,Randolf,Marquand,rmarquandn@imgur.com,Male,164.61.236.171
125,Addie,McGettigan,amcgettigano@yandex.ru,Female,22.66.252.185
126,Mercy,Wisniowski,mwisniowskip@who.int,Female,217.134.232.192
127,Casper,Webb,cwebbq@paginegialle.it,Male,0.135.185.233
128,Kali,Commin,kcomminr@goodreads.com,Female,219.33.205.235
129,Benedetta,De Benedetti,bdebenedettis@bravesites.com,Female,114.11.210.46
130,Martie,Sate,msatet@who.int,Female,220.252.110.29
131,Cassy,Scroggs,cscroggsu@blogger.com,Female,155.228.34.52
132,Elizabet,Stuehmeyer,estuehmeyerv@elegantthemes.com,Female,237.73.154.10
133,Selby,Kleynen,skleynenw@soundcloud.com,Male,113.159.91.108
134,Westbrooke,Terren,wterrenx@seesaa.net,Bigender,107.67.43.96
135,Arnoldo,Matterson,amattersony@slideshare.net,Male,112.1.235.241
136,Jeanie,Welband,jwelbandz@people.com.cn,Female,111.9.120.155
137,Corrina,Marran,cmarran10@umn.edu,Genderqueer,18.16.41.7
138,Niko,Capron,ncapron11@mac.com,Male,36.7.119.239
139,Phip,Woolbrook,pwoolbrook12@cyberchimps.com,Genderqueer,89.149.91.115
140,Miltie,Hedan,mhedan13@abc.net.au,Male,121.93.210.134
141,Joseph,Guidone,jguidone14@fc2.com,Male,218.167.105.106
142,Tab,Coghlin,tcoghlin15@vistaprint.com,Male,253.104.233.229
143,Ealasaid,Van't Hoff,evanthoff16@list-manage.com,Female,71.212.141.72
144,Cheryl,Krier,ckrier17@newsvine.com,Female,254.121.0.43
145,Manfred,Ellis,mellis18@amazon.com,Male,112.70.40.175
146,Nanny,McGahey,nmcgahey19@ycombinator.com,Female,229.3.26.216
147,Crysta,Carillo,ccarillo1a@earthlink.net,Female,69.227.189.172
148,Belinda,Josham,bjosham1b@zimbio.com,Female,108.155.180.56
149,Normie,Mertin,nmertin1c@epa.gov,Male,125.240.28.42
150,Marleen,Divine,mdivine1d@weebly.com,Genderfluid,82.170.135.169
151,Lennard,Gaughan,lgaughan1e@baidu.com,Male,239.133.6.70
152,Lauryn,Netti,lnetti1f@cnn.com,Genderfluid,53.122.67.138
153,Cecil,Hazelby,chazelby1g@vinaora.com,Male,191.128.209.77
154,Delcine,Allmann,dallmann1h@sina.com.cn,Female,99.186.84.5
155,Dulcinea,Lickorish,dlickorish1i@twitpic.com,Female,70.224.168.247
156,Laryssa,Morden,lmorden1j@geocities.com,Female,18.152.114.106
157,Susan,Yesichev,syesichev1k@ucla.edu,Female,100.104.117.86
158,Dannie,Lanchbury,dlanchbury1l@issuu.com,Male,209.96.156.251
159,Burton,Gunson,bgunson1m@e-recht24.de,Male,230.112.130.215
160,Korella,Caldron,kcaldron1n@va.gov,Female,194.136.136.231
161,Caron,Avison,cavison1o@photobucket.com,Female,84.182.194.242
162,Minta,Kilfether,mkilfether1p@nih.gov,Female,141.121.137.2
163,Frasier,Foskew,ffoskew1q@ucoz.ru,Male,14.227.248.21
164,Gilly,Weigh,gweigh1r@imgur.com,Female,190.97.84.172
165,Wilma,Whitnell,wwhitnell1s@symantec.com,Female,67.98.227.24
166,Lucho,Deshorts,ldeshorts1t@angelfire.com,Male,176.16.232.138
167,Trudie,Huchot,thuchot1u@github.io,Female,25.211.115.231
168,Gallagher,Murricanes,gmurricanes1v@ucla.edu,Male,162.51.83.145
169,Sayer,Ruzek,sruzek1w@aol.com,Male,189.232.240.123
170,Gerrie,Da Costa,gdacosta1x@bravesites.com,Female,196.76.239.213
171,Jud,Ping,jping1y@home.pl,Male,211.199.182.101
172,Tammara,Dawtrey,tdawtrey1z@opera.com,Female,117.175.206.124
173,Mack,Hanse,mhanse20@sina.com.cn,Male,50.141.215.138
174,Antony,Tireman,atireman21@dmoz.org,Male,250.90.255.100
175,Tobin,Sedgemore,tsedgemore22@vkontakte.ru,Male,102.201.197.113
176,Stanislaw,Kears,skears23@wiley.com,Genderfluid,71.122.19.104
177,Modestine,Aries,maries24@shinystat.com,Polygender,191.194.121.97
178,Susie,Ahlin,sahlin25@elegantthemes.com,Female,63.168.178.170
179,Melany,Farans,mfarans26@symantec.com,Female,171.180.122.163
180,Elliott,Bisiker,ebisiker27@globo.com,Male,38.2.138.247
181,Connor,Brackenbury,cbrackenbury28@dedecms.com,Male,162.105.111.217
182,Emmit,Swanborrow,eswanborrow29@webeden.co.uk,Male,48.126.131.144
183,Davina,Blincowe,dblincowe2a@qq.com,Female,210.137.199.231
184,Gilligan,Vashchenko,gvashchenko2b@linkedin.com,Female,11.78.101.229
185,Floris,Littlejohn,flittlejohn2c@webmd.com,Female,18.8.99.90
186,Chalmers,Mowling,cmowling2d@theglobeandmail.com,Male,238.191.29.78
187,Marigold,Scholtz,mscholtz2e@cdc.gov,Female,61.96.98.200
188,Avie,Riden,ariden2f@trellian.com,Female,144.35.159.100
189,Nathan,Twede,ntwede2g@cdbaby.com,Male,213.207.227.239
190,Winthrop,Esherwood,wesherwood2h@jugem.jp,Male,103.9.10.207
191,Rebbecca,Luckcuck,rluckcuck2i@feedburner.com,Bigender,78.228.213.123
192,Vonnie,Matley,vmatley2j@prnewswire.com,Female,28.51.245.238
193,Griff,Mantrip,gmantrip2k@naver.com,Male,118.240.240.143
194,Alf,Clear,aclear2l@naver.com,Male,116.118.131.161
195,Lucy,Ormiston,lormiston2m@usda.gov,Female,122.106.223.235
196,Della,Meiklam,dmeiklam2n@harvard.edu,Female,244.199.15.148
197,Stafani,Crichley,scrichley2o@themeforest.net,Female,78.72.84.215
198,Gerrard,Aberchirder,gaberchirder2p@cbc.ca,Male,193.231.155.156
199,Bonny,de Pinna,bdepinna2q@independent.co.uk,Female,19.144.34.26
200,Paige,Pipping,ppipping2r@intel.com,Male,67.79.208.223
