id,first_name,last_name,email,gender,ip_address
1,Kerstin,Checchi,kchecchi0@telegraph.co.uk,Bigender,52.45.5.113
2,Trevar,Dorton,tdorton1@parallels.com,Male,196.1.182.117
3,Rorie,McElvogue,rmcelvogue2@mapy.cz,Female,73.56.68.243
4,Phil,Carabet,pcarabet3@dailymotion.com,Female,12.53.106.11
5,Wenonah,Wolters,wwolters4@friendfeed.com,Female,126.223.111.35
6,Faunie,Cord,fcord5@cdc.gov,Female,34.154.222.142
7,Conrado,Ferrara,cferrara6@java.com,Male,111.38.242.152
8,Erna,Pavolillo,epavolillo7@furl.net,Female,120.40.190.214
9,Rad,Mercy,rmercy8@amazonaws.com,Male,102.117.165.251
10,Mable,Marsters,mmarsters9@cbsnews.com,Female,67.240.12.78
11,Svend,Brosnan,sbrosnana@homestead.com,Male,81.1.114.183
12,Jeri,Thalmann,jthalmannb@globo.com,Female,113.51.184.83
13,Ossie,Gebb,ogebbc@booking.com,Male,1.147.105.19
14,Dene,Alday,daldayd@hatena.ne.jp,Male,45.162.240.248
15,Lela,De Gregorio,ldegregorioe@scientificamerican.com,Female,52.80.50.199
16,Dionisio,Gerrell,dgerrellf@spiegel.de,Male,84.39.61.179
17,Neille,Bortolussi,nbortolussig@edublogs.org,Female,157.206.178.109
18,Corly,Prickett,cpricketth@usa.gov,Female,203.204.133.130
19,Elena,Skillman,eskillmani@ucla.edu,Female,248.201.100.255
20,Eddy,Hackly,ehacklyj@biglobe.ne.jp,Polygender,120.70.228.89
21,Carin,Dairton,cdairtonk@lulu.com,Female,125.20.113.166
22,Steffi,Murphey,smurpheyl@stanford.edu,Female,144.100.10.80
23,Erie,McKyrrelly,emckyrrellym@yandex.ru,Male,181.63.231.130
24,Rona,Jerzycowski,rjerzycowskin@ebay.com,Female,125.187.172.111
25,Torr,Sywell,tsywello@mayoclinic.com,Male,108.245.70.167
26,Georgiana,Coiley,gcoileyp@example.com,Female,146.151.141.100
27,Inglis,Melwall,imelwallq@google.cn,Male,204.141.235.87
28,Kate,Barends,kbarendsr@geocities.com,Female,199.183.117.131
29,Cly,Knagges,cknaggess@google.ru,Male,255.160.36.83
30,Carey,Novichenko,cnovichenkot@posterous.com,Female,20.15.35.196
31,Gabi,Norcutt,gnorcuttu@posterous.com,Male,42.119.117.44
32,Anny,Heninghem,aheninghemv@blogspot.com,Female,188.135.2.126
33,Veronica,Irlam,virlamw@paginegialle.it,Female,158.110.223.61
34,Charity,Harraway,charrawayx@bizjournals.com,Female,75.173.77.137
35,Jenda,Gayforth,jgayforthy@sakura.ne.jp,Female,23.237.189.140
36,Rosabella,Writer,rwriterz@w3.org,Female,182.212.73.115
37,Chrisy,Wint,cwint10@purevolume.com,Male,103.140.75.101
38,Edd,Nisco,enisco11@creativecommons.org,Male,153.75.173.46
39,Josephine,Garie,jgarie12@privacy.gov.au,Female,7.23.90.105
40,Zacharias,McMeanma,zmcmeanma13@ow.ly,Male,195.217.163.8
41,Cletis,Aguirrezabal,caguirrezabal14@wunderground.com,Male,53.31.67.205
42,Brew,Allain,ballain15@imageshack.us,Male,180.84.29.169
43,Cindi,Smartman,csmartman16@alexa.com,Female,210.66.229.82
44,Fons,Paiton,fpaiton17@bizjournals.com,Male,241.152.174.143
45,Filmore,Coppins,fcoppins18@jugem.jp,Male,173.201.101.18
46,Neill,Lobell,nlobell19@google.com.au,Male,61.16.215.120
47,Dacy,Albrook,dalbrook1a@tripadvisor.com,Female,41.251.251.176
48,Livy,Heibl,lheibl1b@shareasale.com,Female,53.205.93.136
49,Nye,MacCartan,nmaccartan1c@nps.gov,Male,48.143.194.163
50,Kari,Butland,kbutland1d@economist.com,Female,20.244.81.236
51,Cheri,Block,cblock1e@vistaprint.com,Female,200.105.132.154
52,Leonidas,Orgill,lorgill1f@phoca.cz,Male,197.90.91.55
53,Flora,Alcalde,falcalde1g@eventbrite.com,Female,116.176.203.54
54,Patten,Scarse,pscarse1h@nydailynews.com,Male,243.137.253.219
55,Darya,Geroldi,dgeroldi1i@pbs.org,Female,207.146.123.158
56,Gigi,Shorten,gshorten1j@ucsd.edu,Female,153.53.0.53
57,Emilio,Vallentine,evallentine1k@marketwatch.com,Male,148.27.46.218
58,Shandie,Learie,slearie1l@hibu.com,Female,114.51.143.104
59,Smitty,Jendricke,sjendricke1m@auda.org.au,Male,46.237.86.45
60,Shanta,Guilleton,sguilleton1n@harvard.edu,Female,227.168.60.40
61,Elinore,Hebbard,ehebbard1o@tripadvisor.com,Female,244.151.70.69
62,Brion,Doughty,bdoughty1p@sun.com,Male,180.14.240.233
63,Cchaddie,Largen,clargen1q@jimdo.com,Male,84.232.218.250
64,Shirlene,Kleen,skleen1r@bloglines.com,Female,243.83.239.186
65,Madelaine,Labone,mlabone1s@marketwatch.com,Female,149.149.2.147
66,Dag,Giamitti,dgiamitti1t@trellian.com,Male,195.157.218.188
67,Tonya,Fehner,tfehner1u@ebay.com,Female,145.120.161.212
68,Elaina,O'Kane,eokane1v@woothemes.com,Female,127.41.0.1
69,Jonathon,Snoad,jsnoad1w@wsj.com,Male,93.73.178.150
70,Blithe,Pollitt,bpollitt1x@nationalgeographic.com,Female,152.243.45.108
71,Lora,Dursley,ldursley1y@acquirethisname.com,Female,125.185.8.233
72,Norene,Renshall,nrenshall1z@wisc.edu,Female,220.136.226.63
73,Andonis,Janota,ajanota20@nbcnews.com,Male,62.228.158.91
74,Ermin,Brabyn,ebrabyn21@digg.com,Male,136.2.115.6
75,Paquito,Coxon,pcoxon22@eventbrite.com,Male,22.189.12.108
76,Maritsa,Helix,mhelix23@google.fr,Female,195.166.220.81
77,Conrade,Aires,caires24@berkeley.edu,Male,223.23.227.3
78,Kermie,Clancy,kclancy25@yolasite.com,Male,118.55.3.73
79,Caye,Olechnowicz,colechnowicz26@usatoday.com,Female,216.9.40.202
80,Grady,Saw,gsaw27@ovh.net,Male,87.132.157.23
81,Kordula,Hazael,khazael28@etsy.com,Female,192.7.142.81
82,Marylynne,Chaikovski,mchaikovski29@google.it,Female,31.15.146.31
83,Shana,Bellinger,sbellinger2a@cbc.ca,Female,67.54.148.71
84,Alfie,De Robertis,aderobertis2b@upenn.edu,Female,48.9.128.48
85,Jade,Howell,jhowell2c@va.gov,Female,224.136.69.180
86,Saunderson,Tipper,stipper2d@opensource.org,Genderfluid,7.165.85.89
87,Piper,Elsie,pelsie2e@about.com,Female,93.65.170.252
88,Morey,Pill,mpill2f@vimeo.com,Male,27.16.180.249
89,Philly,Macquire,pmacquire2g@usda.gov,Female,83.181.41.143
90,Dav,Bazely,dbazely2h@google.es,Male,42.254.82.126
91,Doralyn,Laxston,dlaxston2i@auda.org.au,Female,187.29.31.70
92,Cassi,Strickler,cstrickler2j@bandcamp.com,Female,197.112.244.164
93,Edgardo,Dacke,edacke2k@biblegateway.com,Male,252.131.114.168
94,Mortie,Hast,mhast2l@baidu.com,Male,153.129.50.169
95,Mari,McGibbon,mmcgibbon2m@fastcompany.com,Female,45.241.181.197
96,Lemmy,Gores,lgores2n@shutterfly.com,Male,150.113.170.0
97,Nils,Skellon,nskellon2o@cnn.com,Male,2.183.207.29
98,Daphna,Cleworth,dcleworth2p@cbslocal.com,Female,228.233.138.151
99,Ernestus,Peyro,epeyro2q@usatoday.com,Male,118.79.196.160
100,Kerstin,Jacob,kjacob2r@utexas.edu,Female,10.52.104.97
101,Moss,Kiffin,mkiffin2s@shareasale.com,Male,233.218.13.171
102,Kathryne,Greensall,kgreensall2t@boston.com,Female,15.139.129.24
103,Conrado,Jurs,cjurs2u@microsoft.com,Male,131.144.231.143
104,Louella,Iannini,liannini2v@youtube.com,Female,146.186.67.51
105,Kippy,Gifford,kgifford2w@admin.ch,Female,5.162.119.113
106,Tedmund,Hexham,thexham2x@slashdot.org,Male,29.186.245.76
107,Barton,Hunt,bhunt2y@microsoft.com,Male,104.3.214.40
108,Carolus,Prendergrast,cprendergrast2z@unicef.org,Male,12.144.49.138
109,Jeremias,Bineham,jbineham30@marriott.com,Male,155.245.53.96
110,Alameda,Scripture,ascripture31@paginegialle.it,Female,140.241.185.198
111,Remy,Ellick,rellick32@marketwatch.com,Female,65.48.25.227
112,Hamil,Bodemeaid,hbodemeaid33@prweb.com,Male,56.9.158.39
113,Irwin,Wakley,iwakley34@sbwire.com,Male,17.154.249.227
114,Hubert,Whitfield,hwhitfield35@facebook.com,Polygender,238.67.181.203
115,Robinetta,Aspinall,raspinall36@gravatar.com,Female,212.145.165.50
116,Lisbeth,De Domenico,ldedomenico37@ted.com,Female,5.174.40.74
117,Brendis,Senten,bsenten38@nyu.edu,Male,77.50.225.100
118,Udale,Juanico,ujuanico39@paginegialle.it,Male,250.244.252.123
119,Boy,Sheach,bsheach3a@nba.com,Agender,245.55.101.193
120,Reece,Bichard,rbichard3b@mozilla.org,Male,166.67.34.21
121,Avie,Kirsche,akirsche3c@topsy.com,Female,216.252.17.231
122,Dorelle,Bench,dbench3d@columbia.edu,Female,54.98.163.213
123,Tressa,Shenley,tshenley3e@reddit.com,Bigender,133.166.65.129
124,Nero,Waddie,nwaddie3f@vinaora.com,Male,61.255.223.148
125,Kimberly,Rosewell,krosewell3g@elegantthemes.com,Female,251.11.126.235
126,Mikol,Waison,mwaison3h@blogs.com,Male,4.122.206.122
127,Avigdor,Jako,ajako3i@rakuten.co.jp,Male,88.146.94.247
128,Fey,Kerwin,fkerwin3j@rambler.ru,Female,129.109.77.143
129,Ritchie,Kalinsky,rkalinsky3k@bigcartel.com,Male,38.8.100.220
130,Abbott,Garner,agarner3l@forbes.com,Male,84.68.98.192
131,Lorry,Philipp,lphilipp3m@cyberchimps.com,Female,34.190.187.184
132,Sharia,McClenan,smcclenan3n@gmpg.org,Female,0.36.10.209
133,Dicky,Laffin,dlaffin3o@rakuten.co.jp,Agender,15.29.228.129
134,Cammie,Hoppner,choppner3p@a8.net,Female,96.137.112.13
135,Stavros,Joskowitz,sjoskowitz3q@homestead.com,Male,84.97.167.252
136,Kamilah,Cundy,kcundy3r@dropbox.com,Female,81.237.196.196
137,Gavin,Dikles,gdikles3s@umich.edu,Male,131.242.214.41
138,Doyle,Biasotti,dbiasotti3t@si.edu,Male,236.138.203.252
139,Arabel,Crichmere,acrichmere3u@360.cn,Female,61.217.108.244
140,Ethelbert,Marte,emarte3v@infoseek.co.jp,Male,144.84.209.149
141,Vina,Collar,vcollar3w@hao123.com,Female,114.23.235.21
142,Pascale,Durie,pdurie3x@timesonline.co.uk,Male,124.242.82.74
143,Aileen,Schneider,aschneider3y@geocities.com,Female,123.82.75.232
144,Zackariah,Pablo,zpablo3z@icq.com,Male,160.163.155.254
145,Luigi,Mackison,lmackison40@oracle.com,Genderfluid,246.162.61.221
146,Leisha,Petken,lpetken41@digg.com,Polygender,96.29.87.96
147,Susan,Soar,ssoar42@fotki.com,Non-binary,124.93.246.41
148,Hubert,Giamuzzo,hgiamuzzo43@google.com.au,Male,7.21.188.218
149,Pepito,Coey,pcoey44@sun.com,Male,34.7.211.182
150,Calypso,Fallowfield,cfallowfield45@hugedomains.com,Female,116.64.37.7
151,Travis,Skatcher,tskatcher46@washington.edu,Male,189.90.240.21
152,Gerome,Becker,gbecker47@adobe.com,Male,99.39.239.230
153,Elicia,Almak,ealmak48@tiny.cc,Female,29.148.86.43
154,Welby,Bricklebank,wbricklebank49@discovery.com,Male,91.204.229.89
155,Cleavland,Pendrey,cpendrey4a@bigcartel.com,Male,137.202.146.199
156,Marcy,Morter,mmorter4b@walmart.com,Female,227.42.206.113
157,Normie,De la Zenne,ndelazenne4c@go.com,Male,127.223.219.64
158,Shana,Phizakarley,sphizakarley4d@ustream.tv,Female,33.149.102.11
159,Maximo,Ikins,mikins4e@discovery.com,Male,204.117.37.135
160,Hew,Edson,hedson4f@sina.com.cn,Male,229.139.107.115
161,Marcellus,Nanetti,mnanetti4g@chron.com,Male,141.203.99.227
162,Wiatt,Pridmore,wpridmore4h@addtoany.com,Male,211.142.221.74
163,Perri,O'Hern,pohern4i@yandex.ru,Female,90.197.253.70
164,Ediva,Mousdall,emousdall4j@soup.io,Female,176.77.58.104
165,Deanne,Tuffin,dtuffin4k@opensource.org,Female,133.134.187.101
166,Fayre,Fuggle,ffuggle4l@dailymail.co.uk,Female,225.126.103.27
167,Egan,Wallington,ewallington4m@dedecms.com,Male,181.48.240.248
168,Vaughan,Chapell,vchapell4n@friendfeed.com,Polygender,197.137.125.24
169,Jillie,Wivell,jwivell4o@360.cn,Agender,228.19.17.78
170,Alfonse,Aron,aaron4p@plala.or.jp,Male,81.253.250.164
171,Maureen,Tregonna,mtregonna4q@hostgator.com,Female,228.64.167.240
172,Kacie,Seear,kseear4r@rakuten.co.jp,Genderfluid,9.160.134.137
173,Perry,Durnford,pdurnford4s@php.net,Female,247.162.126.52
174,Chelsie,Willey,cwilley4t@jugem.jp,Female,176.221.151.94
175,Addy,Gillham,agillham4u@moonfruit.com,Polygender,8.37.134.59
176,Swen,Brecknell,sbrecknell4v@sciencedaily.com,Male,100.110.67.101
177,Arty,Eves,aeves4w@bing.com,Male,204.166.104.243
178,Zea,Myles,zmyles4x@webeden.co.uk,Genderfluid,240.247.170.251
179,Kristi,Pasek,kpasek4y@soup.io,Female,212.93.189.111
180,Leonardo,Scoterbosh,lscoterbosh4z@state.gov,Male,73.127.249.176
181,Marsh,Hayne,mhayne50@unicef.org,Male,108.157.93.105
182,Wilhelmina,Corwin,wcorwin51@bloglines.com,Female,233.78.181.162
183,Florenza,Ubsdell,fubsdell52@a8.net,Female,158.222.208.120
184,Lester,Danslow,ldanslow53@about.me,Genderqueer,20.122.11.107
185,Ronni,Pieters,rpieters54@google.it,Female,46.114.227.124
186,Reagen,Brotherhood,rbrotherhood55@thetimes.co.uk,Male,157.95.89.178
187,Gregg,Goodwins,ggoodwins56@chron.com,Polygender,26.62.194.223
188,Gisella,Ege,gege57@altervista.org,Female,227.39.120.186
189,Silas,Marthen,smarthen58@phoca.cz,Bigender,127.26.51.116
190,Pascale,Thurling,pthurling59@aboutads.info,Male,8.38.88.76
191,Clayton,Albert,calbert5a@pcworld.com,Male,96.138.2.171
192,Aigneis,Rarity,ararity5b@themeforest.net,Female,211.12.85.43
193,Gerhardine,Shaves,gshaves5c@yandex.ru,Female,84.234.133.115
194,Tudor,Le Huquet,tlehuquet5d@chron.com,Male,70.244.35.114
195,Burt,Shippam,bshippam5e@sciencedirect.com,Male,99.196.103.7
196,Boony,Quarrington,bquarrington5f@army.mil,Male,165.100.53.190
197,Art,Pettis,apettis5g@google.com,Male,198.228.160.199
198,Felisha,Weavers,fweavers5h@tumblr.com,Female,48.113.233.229
199,Alia,Tremollet,atremollet5i@soup.io,Female,38.47.44.5
200,Diego,Rapier,drapier5j@instagram.com,Male,4.140.106.252
201,Huntlee,Blackway,hblackway5k@bandcamp.com,Male,148.99.178.89
202,Windham,Birnie,wbirnie5l@prnewswire.com,Male,128.7.243.194
203,Gina,Grisenthwaite,ggrisenthwaite5m@vistaprint.com,Female,135.224.188.83
204,Gilbert,Stonestreet,gstonestreet5n@naver.com,Male,71.178.92.3
205,Mignonne,Cushion,mcushion5o@nasa.gov,Female,157.170.117.54
206,Herb,Goldhill,hgoldhill5p@apache.org,Male,200.50.213.184
207,Terra,Giraths,tgiraths5q@state.tx.us,Female,197.62.137.237
208,Bill,McBrier,bmcbrier5r@msu.edu,Female,252.250.85.144
209,Rickard,Glendinning,rglendinning5s@tiny.cc,Male,133.46.8.243
210,Ynes,Helgass,yhelgass5t@uol.com.br,Non-binary,247.129.71.67
211,Elysha,Luthwood,eluthwood5u@indiatimes.com,Female,63.233.250.20
212,Flor,Phythien,fphythien5v@si.edu,Genderqueer,236.238.213.119
213,Shepperd,Churcher,schurcher5w@sourceforge.net,Genderfluid,105.86.140.67
214,Diego,Godbehere,dgodbehere5x@cargocollective.com,Male,177.248.205.227
215,Calida,Hutchison,chutchison5y@multiply.com,Genderfluid,53.191.217.151
216,Cati,Sieghart,csieghart5z@webmd.com,Female,34.42.172.168
217,Joyan,Curnnok,jcurnnok60@mlb.com,Female,109.22.224.169
218,Laina,Finby,lfinby61@netscape.com,Female,200.157.204.177
219,Kathe,Latimer,klatimer62@theguardian.com,Female,15.229.184.70
220,Pauli,Goulstone,pgoulstone63@sitemeter.com,Genderfluid,150.96.212.154
221,Ewell,Kryszka,ekryszka64@dell.com,Male,46.127.6.58
222,Bayard,Caslett,bcaslett65@privacy.gov.au,Male,85.229.178.247
223,Roberta,Jerzycowski,rjerzycowski66@pcworld.com,Female,49.34.124.70
224,Alano,MacConneely,amacconneely67@dmoz.org,Male,37.28.2.218
225,Analiese,Enriques,aenriques68@redcross.org,Female,254.107.150.150
226,Joe,Yurenin,jyurenin69@dyndns.org,Male,43.125.26.127
227,Udell,Cottill,ucottill6a@woothemes.com,Male,16.70.189.211
228,Emanuel,Vasilyev,evasilyev6b@marriott.com,Male,179.101.179.26
229,Stanford,Bowhay,sbowhay6c@amazon.de,Male,105.44.2.228
230,Alvera,Dytham,adytham6d@gmpg.org,Female,27.217.93.162
231,Zsa zsa,Shardlow,zshardlow6e@slashdot.org,Female,164.97.108.85
232,Tamqrah,Hancke,thancke6f@ebay.com,Female,204.148.94.248
233,Emmet,Huckerbe,ehuckerbe6g@google.es,Male,209.135.241.15
234,Mohammed,Higgan,mhiggan6h@timesonline.co.uk,Male,131.95.232.69
235,Bayard,Farlam,bfarlam6i@rediff.com,Male,182.241.207.51
236,Pauletta,Layus,playus6j@trellian.com,Female,231.95.18.139
237,Florida,Clavering,fclavering6k@is.gd,Female,200.131.110.148
238,Modestia,Baggally,mbaggally6l@gnu.org,Female,225.141.113.21
239,Oliviero,Renol,orenol6m@google.ca,Male,90.164.224.100
240,Tonnie,Bickmore,tbickmore6n@cpanel.net,Male,163.156.241.202
241,Lamont,Caulier,lcaulier6o@51.la,Male,95.82.136.211
242,Deena,Wolfenden,dwolfenden6p@free.fr,Female,109.52.128.48
243,Mose,Larrington,mlarrington6q@newsvine.com,Male,124.198.141.123
244,Yorke,Jenkison,yjenkison6r@ovh.net,Male,149.101.87.137
245,Fancy,Scorer,fscorer6s@narod.ru,Female,245.241.180.236
246,Kinny,Crouse,kcrouse6t@skyrock.com,Male,94.54.252.184
247,Chrystal,Sherar,csherar6u@ucoz.ru,Female,170.66.216.10
248,Ernestine,Cowley,ecowley6v@purevolume.com,Female,48.68.10.194
249,Isidoro,Dreghorn,idreghorn6w@sourceforge.net,Bigender,83.114.255.222
250,Tarra,Donan,tdonan6x@house.gov,Female,68.218.66.201
251,Amery,Colecrough,acolecrough6y@state.tx.us,Male,127.58.172.70
252,Onofredo,Gethyn,ogethyn6z@friendfeed.com,Male,251.178.72.162
253,Abeu,Potten,apotten70@google.co.jp,Male,239.149.83.111
254,Holli,Fair,hfair71@over-blog.com,Female,78.179.216.158
255,Aurelia,Gross,agross72@bbc.co.uk,Polygender,60.61.144.113
256,Wolfgang,Putt,wputt73@4shared.com,Male,63.252.76.152
257,Whitby,Bompas,wbompas74@cdbaby.com,Male,110.116.223.124
258,Chrysler,Omond,comond75@wikispaces.com,Genderqueer,142.179.149.198
259,Gale,Wroe,gwroe76@51.la,Female,109.68.142.55
260,Vanny,Yannoni,vyannoni77@dropbox.com,Female,110.6.245.3
261,Dav,O'Loghlen,dologhlen78@ning.com,Male,252.210.198.188
262,Branden,Ferrand,bferrand79@economist.com,Male,77.14.173.62
263,Madelin,Beddard,mbeddard7a@fotki.com,Female,238.35.152.25
264,Lyle,Lapree,llapree7b@cdc.gov,Male,163.130.226.28
265,Clem,Kiln,ckiln7c@msn.com,Female,144.41.195.18
266,Gene,Drewet,gdrewet7d@yandex.ru,Female,76.198.68.182
267,Xylina,Zavittieri,xzavittieri7e@slideshare.net,Female,212.237.109.136
268,Bennie,Canniffe,bcanniffe7f@opensource.org,Female,22.187.83.19
269,Domingo,Proudley,dproudley7g@liveinternet.ru,Male,224.103.214.184
270,Cletis,Brennon,cbrennon7h@paypal.com,Male,18.89.254.5
271,Gina,Inkle,ginkle7i@edublogs.org,Polygender,8.192.200.61
272,Karoly,Cordero,kcordero7j@time.com,Male,95.66.248.126
273,Everard,Padell,epadell7k@mail.ru,Male,55.56.225.233
274,Robb,Fricker,rfricker7l@chicagotribune.com,Male,36.38.40.197
275,Rosemonde,Hullin,rhullin7m@prweb.com,Female,42.94.201.10
276,Carlyn,Edland,cedland7n@jigsy.com,Female,83.33.33.107
277,Langsdon,MacNamee,lmacnamee7o@europa.eu,Male,99.54.141.250
278,Polly,Sisnett,psisnett7p@dagondesign.com,Female,130.255.219.250
279,Dela,Ocklin,docklin7q@bigcartel.com,Non-binary,91.203.231.204
280,Zulema,Whiffin,zwhiffin7r@ftc.gov,Female,99.175.28.75
281,Reggi,Rosone,rrosone7s@virginia.edu,Female,5.19.4.200
282,Patric,Fettis,pfettis7t@si.edu,Male,245.164.103.153
283,Tracy,Boys,tboys7u@ocn.ne.jp,Male,52.144.195.25
284,Jorey,Joselevitch,jjoselevitch7v@amazon.de,Female,240.45.81.135
285,Phelia,McMillan,pmcmillan7w@nbcnews.com,Female,213.32.142.192
286,Brander,Bwy,bbwy7x@theglobeandmail.com,Male,1.138.17.75
287,Kelsey,Marien,kmarien7y@eventbrite.com,Female,212.115.61.87
288,Thaine,Hounsham,thounsham7z@youku.com,Male,127.13.166.37
289,Shirline,Crosen,scrosen80@tamu.edu,Female,43.88.34.123
290,Heidie,Maleby,hmaleby81@illinois.edu,Female,219.40.4.0
291,Ninnette,Hanner,nhanner82@theatlantic.com,Female,92.216.24.135
292,Cullan,Sherlock,csherlock83@ustream.tv,Male,164.5.244.225
293,Calhoun,Pattle,cpattle84@webnode.com,Male,154.205.207.197
294,Andree,Been,abeen85@yellowpages.com,Female,133.147.231.96
295,Shalna,McMechan,smcmechan86@theatlantic.com,Female,211.161.190.119
296,Peg,Bigland,pbigland87@vkontakte.ru,Female,82.165.75.104
297,Nehemiah,Erett,nerett88@php.net,Male,243.20.82.26
298,Charleen,Cadman,ccadman89@liveinternet.ru,Female,36.94.39.140
299,Marleen,Bletso,mbletso8a@tiny.cc,Polygender,119.138.59.54
300,Mariana,Noad,mnoad8b@seattletimes.com,Female,194.63.67.178
301,Dionysus,McGorley,dmcgorley8c@businessinsider.com,Male,117.190.16.148
302,Conway,Pavia,cpavia8d@typepad.com,Male,233.90.171.193
303,Gladi,Chamley,gchamley8e@ameblo.jp,Female,134.16.15.29
304,Catrina,Tremblet,ctremblet8f@ow.ly,Female,30.247.115.120
305,Kane,Geaves,kgeaves8g@usnews.com,Male,155.129.244.210
306,Kristian,Wakeford,kwakeford8h@jalbum.net,Male,253.12.46.187
307,Harbert,Halliburton,hhalliburton8i@goo.ne.jp,Male,26.30.174.192
308,Dex,Kikke,dkikke8j@imageshack.us,Male,33.8.103.225
309,Jacenta,Alejo,jalejo8k@instagram.com,Female,206.89.173.177
310,Imogene,Delgaty,idelgaty8l@yelp.com,Genderfluid,110.215.187.78
311,Haley,Klemmt,hklemmt8m@skype.com,Genderqueer,66.211.82.45
312,Tamera,Dewer,tdewer8n@storify.com,Female,223.21.48.41
313,Gerrie,Breffitt,gbreffitt8o@senate.gov,Male,50.40.85.156
314,Sally,McMichael,smcmichael8p@npr.org,Female,4.143.77.120
315,Jeremie,Giamuzzo,jgiamuzzo8q@jugem.jp,Male,177.154.196.177
316,Linn,Mytton,lmytton8r@umn.edu,Female,43.77.41.255
317,Lane,Kidney,lkidney8s@issuu.com,Male,88.77.218.190
318,Corene,Perrelle,cperrelle8t@tuttocitta.it,Female,189.0.79.194
319,Ashley,Minghetti,aminghetti8u@google.es,Male,25.183.49.195
320,Bev,Reimer,breimer8v@forbes.com,Male,108.139.90.249
321,Skipton,Castellone,scastellone8w@paginegialle.it,Genderqueer,71.137.5.234
322,Nana,Poynzer,npoynzer8x@redcross.org,Female,109.143.123.247
323,Hi,Petrazzi,hpetrazzi8y@answers.com,Male,237.157.255.100
324,Wilbur,MacGorrie,wmacgorrie8z@wired.com,Male,178.18.209.36
325,Ellsworth,Cropper,ecropper90@geocities.com,Male,121.80.6.49
326,Bernard,Bonson,bbonson91@ocn.ne.jp,Bigender,151.176.2.21
327,Pebrook,Poulter,ppoulter92@dot.gov,Male,141.177.135.170
328,Helga,Duetschens,hduetschens93@auda.org.au,Female,255.111.173.214
329,Cayla,Haggata,chaggata94@bluehost.com,Non-binary,165.180.70.34
330,Sylvia,Urwen,surwen95@sohu.com,Female,101.26.27.76
331,Gerladina,Yeo,gyeo96@acquirethisname.com,Female,114.81.100.39
332,Harley,Bernardoux,hbernardoux97@marketwatch.com,Male,203.217.174.244
333,Dallon,Zukierman,dzukierman98@bravesites.com,Genderqueer,190.38.190.155
334,Cati,Lavington,clavington99@utexas.edu,Female,240.163.169.53
335,Kristy,Dafforne,kdafforne9a@scientificamerican.com,Female,89.7.98.208
336,Rich,MacInherney,rmacinherney9b@google.fr,Male,55.255.65.112
337,Astra,Dumini,adumini9c@salon.com,Female,185.147.213.111
338,Fifi,McAviy,fmcaviy9d@harvard.edu,Female,16.201.12.116
339,Gene,Bellhouse,gbellhouse9e@irs.gov,Male,5.29.169.143
340,Bondon,Wormell,bwormell9f@theglobeandmail.com,Male,170.146.49.13
341,Cordell,Shimoni,cshimoni9g@dmoz.org,Male,193.157.245.188
342,Sergeant,Rayworth,srayworth9h@e-recht24.de,Male,113.111.100.150
343,Nerte,Klimshuk,nklimshuk9i@cloudflare.com,Agender,28.176.135.197
344,Markus,Gapper,mgapper9j@guardian.co.uk,Male,184.109.113.32
345,Weylin,Iveson,wiveson9k@clickbank.net,Male,111.57.139.100
346,Ernestus,Backler,ebackler9l@howstuffworks.com,Male,139.122.216.106
347,Meryl,Emor,memor9m@free.fr,Female,103.115.83.192
348,Milissent,Beckett,mbeckett9n@ycombinator.com,Female,78.151.198.44
349,Arlen,Swafield,aswafield9o@mlb.com,Female,212.12.5.245
350,Pandora,Renn,prenn9p@simplemachines.org,Agender,206.99.162.148
351,Damita,Sillett,dsillett9q@surveymonkey.com,Female,93.117.33.121
352,Winfred,Harpur,wharpur9r@wisc.edu,Male,178.247.184.233
353,Christan,Radage,cradage9s@oracle.com,Female,120.125.157.233
354,Bebe,McVie,bmcvie9t@hubpages.com,Female,2.89.127.230
355,Udall,Pashby,upashby9u@mlb.com,Male,160.116.33.189
356,Leroy,Rabbitt,lrabbitt9v@t.co,Male,135.189.200.76
357,Matti,Lyste,mlyste9w@theatlantic.com,Agender,147.136.197.108
358,Eduino,Klemencic,eklemencic9x@hc360.com,Male,62.13.243.238
359,Valentino,Cope,vcope9y@123-reg.co.uk,Male,224.66.118.220
360,Harald,Attkins,hattkins9z@samsung.com,Male,180.161.244.70
361,Sallie,Swalteridge,sswalteridgea0@imdb.com,Female,78.137.254.228
362,Nicolina,Purser,npursera1@51.la,Female,80.216.216.176
363,Issie,Lardeur,ilardeura2@ycombinator.com,Female,63.190.102.71
364,Justinian,Scurr,jscurra3@soundcloud.com,Male,49.169.224.45
365,Cynthie,Saddington,csaddingtona4@yellowbook.com,Female,123.130.101.228
366,Fidole,Rands,frandsa5@fastcompany.com,Genderfluid,57.100.202.179
367,Prue,Nash,pnasha6@amazonaws.com,Female,219.162.230.211
368,Jemmie,Boman,jbomana7@auda.org.au,Female,7.100.27.193
369,Helaine,Delicate,hdelicatea8@illinois.edu,Female,82.48.118.126
370,Betta,Botger,bbotgera9@deviantart.com,Female,56.39.20.242
371,Ned,Saunderson,nsaundersonaa@hc360.com,Male,175.242.206.99
372,Celesta,Dreigher,cdreigherab@w3.org,Female,138.32.18.192
373,Gerry,Yantsev,gyantsevac@netscape.com,Female,110.130.223.235
374,Corliss,Bellwood,cbellwoodad@aboutads.info,Female,253.107.163.25
375,Broderic,Tooher,btooherae@etsy.com,Male,39.31.183.78
376,Barret,Leroy,bleroyaf@gmpg.org,Male,212.177.180.49
377,Josiah,Varcoe,jvarcoeag@diigo.com,Male,75.174.201.174
378,Sabine,Bythell,sbythellah@histats.com,Female,93.60.11.184
379,Imojean,Linzee,ilinzeeai@opensource.org,Female,191.135.100.205
380,Dallis,Cawthery,dcawtheryaj@ft.com,Male,110.217.94.185
381,Kile,Fonte,kfonteak@patch.com,Male,200.59.9.27
382,Jordan,Bucky,jbuckyal@icq.com,Female,242.51.32.59
383,Meris,Brugmann,mbrugmannam@flavors.me,Female,108.230.71.157
384,Thaxter,Hurst,thurstan@ibm.com,Male,22.2.23.204
385,Itch,Dowd,idowdao@thetimes.co.uk,Male,202.155.234.116
386,Dugald,Confort,dconfortap@addthis.com,Male,209.47.154.197
387,Sibelle,Sieur,ssieuraq@columbia.edu,Female,110.144.159.234
388,Ryan,Trumble,rtrumblear@europa.eu,Male,184.210.3.34
389,Vasilis,Sabattier,vsabattieras@domainmarket.com,Male,5.103.11.254
390,Ella,Human,ehumanat@tinypic.com,Female,239.177.73.129
391,Shawna,McKiddin,smckiddinau@google.ca,Female,155.39.212.10
392,Alicea,Pennetti,apennettiav@ebay.com,Female,185.59.54.219
393,Linnell,Derington,lderingtonaw@acquirethisname.com,Female,51.99.8.117
394,Jess,Cardon,jcardonax@netscape.com,Male,183.144.63.218
395,Dexter,Darridon,ddarridonay@elpais.com,Male,251.117.75.105
396,Gail,Lashmar,glashmaraz@webnode.com,Male,137.211.102.104
397,Harry,McGaw,hmcgawb0@google.de,Male,180.229.7.110
398,Fianna,Brealey,fbrealeyb1@slate.com,Female,76.1.79.53
399,Alvinia,Ruusa,aruusab2@wikispaces.com,Female,149.88.44.3
400,Jeffie,Inold,jinoldb3@reddit.com,Male,66.86.223.102
401,Shurlock,Bootyman,sbootymanb4@google.nl,Male,183.249.208.63
402,Montague,Causley,mcausleyb5@myspace.com,Male,210.79.147.198
403,Gillan,Fairnington,gfairningtonb6@dropbox.com,Female,150.17.154.143
404,Torin,Grandham,tgrandhamb7@amazon.com,Male,77.84.31.240
405,Corilla,Shovelton,cshoveltonb8@phoca.cz,Female,187.227.242.92
406,Forester,Iacapucci,fiacapuccib9@mtv.com,Male,172.6.138.222
407,Iago,Carbry,icarbryba@epa.gov,Male,67.117.19.176
408,Boote,Hallatt,bhallattbb@techcrunch.com,Male,96.123.162.151
409,Fae,Slatcher,fslatcherbc@msu.edu,Female,126.152.198.185
410,Tracie,Wallas,twallasbd@sourceforge.net,Male,20.185.58.126
411,Kendricks,Gillyatt,kgillyattbe@techcrunch.com,Male,192.193.223.76
412,Armstrong,Yankov,ayankovbf@soup.io,Male,248.64.190.210
413,Roslyn,Emmens,remmensbg@ed.gov,Female,214.16.72.201
414,Linda,Bate,lbatebh@angelfire.com,Female,69.208.217.34
415,Christi,Reide,creidebi@theguardian.com,Female,219.162.69.78
416,Elysee,Inkpin,einkpinbj@flickr.com,Female,81.73.225.14
417,Maribel,Chazotte,mchazottebk@youtu.be,Agender,181.216.27.113
418,Cordula,Creed,ccreedbl@unesco.org,Female,59.250.74.12
419,Christoforo,Stapels,cstapelsbm@toplist.cz,Bigender,232.197.7.59
420,Merrel,Beadham,mbeadhambn@nbcnews.com,Male,21.140.178.137
421,Simone,Clucas,sclucasbo@google.it,Male,96.17.214.72
422,Adrien,Scones,asconesbp@nature.com,Male,123.0.212.221
423,Carmencita,Goretti,cgorettibq@ft.com,Female,48.154.164.224
424,Erek,Habbema,ehabbemabr@pen.io,Male,159.40.144.116
425,Cornell,Schubbert,cschubbertbs@mashable.com,Male,24.153.207.137
426,Yvon,Dukelow,ydukelowbt@sciencedirect.com,Male,67.97.172.156
427,Tersina,McCroary,tmccroarybu@disqus.com,Female,186.236.142.217
428,Morten,Suett,msuettbv@cyberchimps.com,Male,22.186.250.36
429,Davine,Schlag,dschlagbw@smh.com.au,Genderqueer,106.67.164.12
430,Ibbie,Harraway,iharrawaybx@cam.ac.uk,Female,188.49.179.100
431,Robinson,Seczyk,rseczykby@yahoo.co.jp,Male,176.62.4.122
432,Yanaton,Perritt,yperrittbz@istockphoto.com,Male,44.31.178.26
433,Peria,Caudelier,pcaudelierc0@princeton.edu,Female,219.87.35.119
434,Omero,Sibthorp,osibthorpc1@cloudflare.com,Male,163.146.245.125
435,Devlin,O'Scanlon,doscanlonc2@geocities.jp,Male,237.100.110.39
436,George,Imlin,gimlinc3@addthis.com,Female,87.55.212.138
437,Lawrence,Goldine,lgoldinec4@creativecommons.org,Male,74.209.168.103
438,Estella,Gillbee,egillbeec5@bloglines.com,Female,21.93.115.13
439,Karissa,Chomley,kchomleyc6@java.com,Bigender,140.181.152.14
440,Currey,Sword,cswordc7@illinois.edu,Male,159.98.88.37
441,Blake,Screas,bscreasc8@aboutads.info,Male,90.102.48.202
442,Newton,Kleinbaum,nkleinbaumc9@google.pl,Male,43.185.63.162
443,Alyda,Reisin,areisinca@etsy.com,Polygender,253.44.117.222
444,Alister,Beatey,abeateycb@blinklist.com,Agender,13.62.142.62
445,Spense,Shallo,sshallocc@opera.com,Male,92.177.152.31
446,Thebault,Van Brug,tvanbrugcd@foxnews.com,Male,140.72.179.7
447,Wylma,Dubique,wdubiquece@plala.or.jp,Female,111.198.27.89
448,Jedd,Brayford,jbrayfordcf@twitpic.com,Male,68.135.198.178
449,Ralf,Blondelle,rblondellecg@kickstarter.com,Male,171.203.198.101
450,Mitchell,Pamphilon,mpamphilonch@networksolutions.com,Male,163.251.121.148
451,Rooney,Revington,rrevingtonci@blogtalkradio.com,Male,138.128.134.248
452,Kassey,Sara,ksaracj@opensource.org,Female,248.162.0.145
453,Issi,Dyshart,idyshartck@noaa.gov,Female,227.243.206.189
454,Mychal,Galpen,mgalpencl@multiply.com,Male,109.240.208.110
455,Emmalynn,Whyborn,ewhyborncm@nyu.edu,Female,235.111.129.122
456,Gilbert,Cousens,gcousenscn@nifty.com,Male,7.109.112.177
457,Haven,Presswell,hpresswellco@cbslocal.com,Male,204.100.247.172
458,Shelden,Crummey,scrummeycp@fema.gov,Male,236.65.91.202
459,Ilario,Lapthorn,ilapthorncq@yahoo.com,Male,169.124.48.22
460,Brade,Domico,bdomicocr@dot.gov,Male,204.197.95.211
461,Emmanuel,Dallyn,edallyncs@slideshare.net,Male,38.201.28.68
462,Colan,Flockhart,cflockhartct@seesaa.net,Male,196.26.34.82
463,Caryl,Ghirardi,cghirardicu@sciencedirect.com,Male,227.49.161.9
464,Shoshanna,Chamberlayne,schamberlaynecv@blogspot.com,Female,228.118.21.80
465,Tailor,Billo,tbillocw@geocities.jp,Male,39.142.75.34
466,Isabella,Dolphin,idolphincx@bigcartel.com,Genderqueer,219.23.206.223
467,Ken,Langabeer,klangabeercy@e-recht24.de,Male,147.190.43.17
468,Sibel,Mullins,smullinscz@mozilla.org,Female,46.23.213.19
469,Jennette,Brasier,jbrasierd0@bbc.co.uk,Female,229.119.153.139
470,Marybeth,Jacobowicz,mjacobowiczd1@clickbank.net,Female,236.232.70.11
471,Jobie,McConaghy,jmcconaghyd2@shinystat.com,Female,77.148.21.187
472,Shayna,Hedaux,shedauxd3@google.fr,Female,147.34.19.210
473,Kiley,Furze,kfurzed4@macromedia.com,Female,202.229.107.150
474,Jaynell,Rallin,jrallind5@wsj.com,Genderqueer,165.201.162.139
475,Ernest,Havvock,ehavvockd6@mlb.com,Male,201.134.97.88
476,Addy,Gunter,agunterd7@themeforest.net,Male,157.103.99.62
477,Pinchas,Besnardeau,pbesnardeaud8@eventbrite.com,Male,197.189.85.156
478,Wake,McFeate,wmcfeated9@sciencedirect.com,Male,120.39.207.16
479,Christin,Bearward,cbearwardda@utexas.edu,Female,80.53.7.217
480,Torry,Ridsdale,tridsdaledb@uol.com.br,Male,63.56.246.63
481,Sharlene,Roycroft,sroycroftdc@twitter.com,Female,161.198.45.89
482,Dorey,Capel,dcapeldd@cpanel.net,Male,90.108.198.222
483,Thibaut,Shelley,tshelleyde@arstechnica.com,Male,33.21.64.230
484,Norbert,Alcott,nalcottdf@toplist.cz,Male,100.148.148.243
485,Kristoforo,Fordyce,kfordycedg@gravatar.com,Male,85.33.189.200
486,Veronica,Chandler,vchandlerdh@multiply.com,Female,120.182.225.136
487,Kipp,Grangier,kgrangierdi@arizona.edu,Male,95.110.38.206
488,Chick,Pattisson,cpattissondj@artisteer.com,Male,24.244.14.162
489,Woody,Cheal,wchealdk@nyu.edu,Male,71.73.56.142
490,Lenka,Wedlock,lwedlockdl@biblegateway.com,Female,23.113.164.0
491,Courtnay,Malser,cmalserdm@reuters.com,Male,111.251.39.69
492,Harland,Dougal,hdougaldn@noaa.gov,Agender,198.9.137.143
493,Joline,Joplin,jjoplindo@wp.com,Female,220.253.214.10
494,Justinn,Kike,jkikedp@thetimes.co.uk,Female,24.248.169.172
495,Etienne,Coysh,ecoyshdq@amazonaws.com,Male,23.70.68.43
496,Deirdre,Brouard,dbrouarddr@themeforest.net,Female,67.46.207.171
497,Wald,Mulderrig,wmulderrigds@samsung.com,Male,83.59.138.170
498,Arlin,Bales,abalesdt@stumbleupon.com,Male,12.187.92.196
499,Kiley,Jurasek,kjurasekdu@uiuc.edu,Female,108.154.153.218
500,Noll,Oakenfield,noakenfielddv@wired.com,Male,72.107.133.97
501,Aube,Birkwood,abirkwooddw@yellowpages.com,Male,212.70.131.130
502,Johnna,MacColgan,jmaccolgandx@paypal.com,Female,21.94.20.143
503,Krisha,Edgett,kedgettdy@lycos.com,Genderqueer,110.134.101.18
504,Renato,Peerless,rpeerlessdz@engadget.com,Non-binary,247.245.100.72
505,Hyman,Heymann,hheymanne0@cornell.edu,Male,209.50.39.52
506,Nicola,Duprey,ndupreye1@joomla.org,Male,246.111.148.240
507,Micheline,Dupre,mdupree2@eventbrite.com,Female,13.230.105.85
508,Henka,Roubeix,hroubeixe3@1und1.de,Female,200.105.133.204
509,Phillis,Reagan,preagane4@berkeley.edu,Genderfluid,65.203.16.181
510,Brynne,Brimmicombe,bbrimmicombee5@samsung.com,Polygender,18.207.27.70
511,Florentia,Dagnall,fdagnalle6@parallels.com,Female,75.116.5.27
512,Brittaney,Cayle,bcaylee7@yellowbook.com,Female,146.31.8.89
513,Dulcea,Kopje,dkopjee8@shinystat.com,Female,249.201.164.206
514,Brande,Dowson,bdowsone9@ask.com,Female,144.183.236.214
515,Arlyn,Spurge,aspurgeea@marketwatch.com,Female,44.47.231.248
516,Daphene,Dumini,dduminieb@biblegateway.com,Female,80.180.243.195
517,Kissee,Tolotti,ktolottiec@census.gov,Female,114.27.233.163
518,Vasily,Greville,vgrevilleed@illinois.edu,Male,216.19.156.125
519,Chuck,Baldacchino,cbaldacchinoee@acquirethisname.com,Male,219.101.230.243
520,Morty,Learmonth,mlearmonthef@craigslist.org,Male,131.184.35.139
521,Orelee,Emmatt,oemmatteg@behance.net,Female,51.228.92.240
522,Berkly,Whitear,bwhiteareh@artisteer.com,Male,221.142.165.43
523,Jacklin,Holtom,jholtomei@umich.edu,Female,149.41.13.119
524,Elyssa,Alexandersson,ealexanderssonej@moonfruit.com,Female,138.144.213.173
525,Rica,Gromley,rgromleyek@quantcast.com,Female,53.0.49.6
526,Norina,Abrahamian,nabrahamianel@nydailynews.com,Female,154.56.64.47
527,Jesse,Harland,jharlandem@princeton.edu,Female,155.45.255.167
528,Griswold,Simmins,gsimminsen@freewebs.com,Bigender,186.122.253.84
529,Clem,Scullin,cscullineo@uol.com.br,Male,254.183.34.136
530,Salomone,Aishford,saishfordep@zdnet.com,Male,96.38.118.45
531,Normy,Roan,nroaneq@baidu.com,Male,228.30.219.79
532,Borg,Kyllford,bkyllforder@opensource.org,Male,93.208.112.44
533,Earl,Betteriss,ebetterisses@state.tx.us,Male,120.137.58.48
534,Abraham,Done,adoneet@opensource.org,Male,162.4.166.197
535,Janene,Vazquez,jvazquezeu@fema.gov,Female,154.70.51.17
536,Aldin,Plewright,aplewrightev@who.int,Polygender,94.152.228.62
537,Joy,Blunt,jbluntew@macromedia.com,Female,179.221.12.166
538,Ellsworth,Balcers,ebalcersex@acquirethisname.com,Male,246.217.31.82
539,Merralee,Padillo,mpadilloey@nba.com,Female,144.70.107.203
540,Ray,Parham,rparhamez@sbwire.com,Female,126.173.61.114
541,Charmaine,Prator,cpratorf0@google.com.au,Female,181.67.51.2
542,Delmor,Barstow,dbarstowf1@dell.com,Male,161.240.16.121
543,Kirk,Cann,kcannf2@canalblog.com,Male,196.56.229.248
544,Madalyn,Madine,mmadinef3@surveymonkey.com,Female,71.17.213.207
545,Sasha,Swynfen,sswynfenf4@state.tx.us,Male,254.217.23.57
546,Tandi,Messager,tmessagerf5@wikimedia.org,Female,89.183.15.255
547,Mareah,Lowing,mlowingf6@360.cn,Female,97.201.219.100
548,Eachelle,Pllu,eplluf7@infoseek.co.jp,Female,112.200.186.221
549,Arnaldo,Mughal,amughalf8@jimdo.com,Male,227.161.94.56
550,Fletch,Riddiough,friddioughf9@4shared.com,Male,28.200.22.200
551,Stanley,McAnalley,smcanalleyfa@mtv.com,Polygender,75.77.3.42
552,Eberhard,Pointing,epointingfb@dot.gov,Male,179.62.37.125
553,Ketty,Hein,kheinfc@123-reg.co.uk,Female,65.151.103.252
554,Lutero,Blay,lblayfd@wired.com,Male,242.68.88.100
555,Kissee,Dunley,kdunleyfe@chron.com,Female,233.118.154.61
556,Ollie,Wathey,owatheyff@europa.eu,Agender,66.141.19.103
557,Conant,Wason,cwasonfg@imdb.com,Male,204.50.35.46
558,Humphrey,Shallow,hshallowfh@nymag.com,Male,128.218.143.17
559,Franklyn,Threlkeld,fthrelkeldfi@51.la,Male,233.240.204.244
560,Tommy,Norcutt,tnorcuttfj@biblegateway.com,Male,150.103.33.46
561,Reine,Heberden,rheberdenfk@i2i.jp,Female,149.88.230.145
562,Candie,Thake,cthakefl@aol.com,Female,202.34.222.126
563,Perle,Hoffman,phoffmanfm@umich.edu,Female,51.18.104.169
564,Nancee,Bullman,nbullmanfn@bluehost.com,Female,116.247.150.141
565,Alis,Desbrow,adesbrowfo@npr.org,Female,216.249.202.193
566,Christoffer,Truelock,ctruelockfp@imgur.com,Male,101.92.161.138
567,Brand,Greggersen,bgreggersenfq@privacy.gov.au,Male,13.82.169.248
568,Gerty,Rhelton,grheltonfr@newsvine.com,Female,223.167.85.104
569,Helenelizabeth,Sandle,hsandlefs@mlb.com,Female,193.161.138.98
570,Kiele,Gaythwaite,kgaythwaiteft@cyberchimps.com,Female,204.161.12.122
571,Boothe,Paolone,bpaolonefu@moonfruit.com,Male,214.28.223.227
572,Nari,Winspar,nwinsparfv@indiatimes.com,Female,113.76.92.137
573,Wilburt,Kubiak,wkubiakfw@opensource.org,Male,20.169.66.163
574,El,Hum,ehumfx@wp.com,Male,34.155.65.194
575,Andrea,Parvin,aparvinfy@twitter.com,Female,248.159.220.136
576,Larry,Ruthven,lruthvenfz@narod.ru,Male,59.130.187.181
577,Gare,Sanja,gsanjag0@ycombinator.com,Male,229.112.241.60
578,Anabelle,Treen,atreeng1@nbcnews.com,Female,15.32.16.138
579,Mort,Drohun,mdrohung2@nbcnews.com,Male,30.35.58.184
580,Geoffry,Upton,guptong3@webs.com,Male,217.29.90.151
581,Hermon,MacPaden,hmacpadeng4@kickstarter.com,Male,28.105.47.149
582,Arlena,Gullivent,agulliventg5@ameblo.jp,Agender,47.242.81.33
583,Buffy,Beastall,bbeastallg6@cocolog-nifty.com,Female,237.234.254.210
584,Lucien,Treanor,ltreanorg7@wiley.com,Non-binary,53.89.189.204
585,Jeffry,Cerith,jcerithg8@dion.ne.jp,Non-binary,130.41.184.149
586,Anya,Presley,apresleyg9@usnews.com,Female,117.15.196.240
587,Haydon,Chaffyn,hchaffynga@hp.com,Male,192.225.231.166
588,Teddi,Sommerling,tsommerlinggb@state.tx.us,Female,131.239.155.27
589,Joanie,Lisimore,jlisimoregc@multiply.com,Female,12.17.82.240
590,Debby,Nyssen,dnyssengd@mit.edu,Female,142.70.116.154
591,Harriett,Gapper,hgapperge@oakley.com,Female,78.37.39.17
592,Marquita,Cullinane,mcullinanegf@princeton.edu,Female,161.110.244.159
593,Nicolea,Richardet,nrichardetgg@myspace.com,Female,223.208.137.38
594,Melisa,Vogeller,mvogellergh@twitter.com,Female,185.184.221.218
595,Mommy,Kamiyama,mkamiyamagi@sciencedirect.com,Female,79.145.58.169
596,Perry,Marians,pmariansgj@biblegateway.com,Male,236.21.237.166
597,Averill,Stopper,astoppergk@upenn.edu,Male,19.107.72.201
598,Fanya,Petyanin,fpetyaningl@themeforest.net,Female,48.21.111.231
599,Court,Barnewell,cbarnewellgm@instagram.com,Male,70.141.175.205
600,Donni,Simpkin,dsimpkingn@i2i.jp,Female,133.50.3.19
601,Dolley,McNee,dmcneego@msn.com,Female,150.81.135.117
602,Pepito,Wrefford,pwreffordgp@alexa.com,Male,67.139.84.238
603,Lawrence,Atrill,latrillgq@rambler.ru,Male,164.139.92.108
604,Eva,Maile,emailegr@infoseek.co.jp,Non-binary,54.253.36.24
605,Esme,Sacker,esackergs@cornell.edu,Female,227.27.5.11
606,Enrica,MacLennan,emaclennangt@themeforest.net,Female,16.34.222.69
607,Daile,Refford,dreffordgu@example.com,Female,164.42.81.207
608,Amitie,Elstob,aelstobgv@plala.or.jp,Non-binary,150.117.175.251
609,Derward,Proctor,dproctorgw@java.com,Male,102.95.216.173
610,Christy,Keech,ckeechgx@google.fr,Male,81.137.145.142
611,Jarrad,Goldthorpe,jgoldthorpegy@artisteer.com,Male,69.81.132.168
612,Athene,Blackbourn,ablackbourngz@tuttocitta.it,Female,216.57.97.206
613,Adelice,Oseland,aoselandh0@shop-pro.jp,Female,101.102.53.128
614,Dianne,Cosbee,dcosbeeh1@home.pl,Female,199.200.207.134
615,Ruddie,Scintsbury,rscintsburyh2@artisteer.com,Male,177.119.233.147
616,Rodger,Lehr,rlehrh3@arizona.edu,Male,213.145.115.217
617,Normy,Vater,nvaterh4@wired.com,Male,141.109.131.34
618,Pryce,McOnie,pmconieh5@google.co.uk,Male,103.70.8.86
619,Leland,Dunston,ldunstonh6@skype.com,Male,103.206.136.175
620,Olwen,Lamping,olampingh7@purevolume.com,Female,194.103.6.183
621,Murielle,Gillis,mgillish8@barnesandnoble.com,Female,238.40.66.204
622,Peirce,Domegan,pdomeganh9@chron.com,Male,110.59.42.227
623,Daron,Vasyatkin,dvasyatkinha@mayoclinic.com,Male,26.68.67.7
624,Park,Leare,plearehb@nifty.com,Male,176.245.122.26
625,Reba,Breffit,rbreffithc@blinklist.com,Non-binary,100.157.222.16
626,Osborne,Sivills,osivillshd@alibaba.com,Male,127.30.30.122
627,Reta,Kmieciak,rkmieciakhe@foxnews.com,Female,228.34.44.183
628,Cristobal,Towndrow,ctowndrowhf@reddit.com,Male,203.154.3.136
629,Reine,Kanter,rkanterhg@joomla.org,Female,19.173.28.111
630,Brittaney,Bulpitt,bbulpitthh@accuweather.com,Female,109.117.183.62
631,Ted,Burrells,tburrellshi@epa.gov,Male,11.28.203.0
632,Austin,Grice,agricehj@cocolog-nifty.com,Male,133.106.126.37
633,Nedi,Christie,nchristiehk@spotify.com,Female,242.188.161.114
634,Gerti,Ciotto,gciottohl@illinois.edu,Female,216.15.246.243
635,Artair,Abbie,aabbiehm@yahoo.com,Male,253.152.254.219
636,Gwenny,Smouten,gsmoutenhn@soundcloud.com,Female,141.134.117.154
637,Arin,Broom,abroomho@spiegel.de,Male,62.251.233.140
638,Kai,Dowden,kdowdenhp@apache.org,Agender,133.168.85.44
639,Marigold,Wenman,mwenmanhq@upenn.edu,Female,63.89.200.9
640,Yvor,Bartoleyn,ybartoleynhr@discovery.com,Male,11.143.132.0
641,Liz,Purbrick,lpurbrickhs@trellian.com,Agender,43.166.234.99
642,Augustine,Sumshon,asumshonht@ustream.tv,Male,254.72.136.88
643,Odie,Webermann,owebermannhu@oracle.com,Male,81.100.60.99
644,Beck,Shelliday,bshellidayhv@friendfeed.com,Male,52.151.189.233
645,Beret,Dearness,bdearnesshw@addthis.com,Bigender,152.242.106.81
646,Lazare,Sogg,lsogghx@blog.com,Male,255.226.168.224
647,Adel,Chyuerton,achyuertonhy@hp.com,Female,32.107.44.104
648,Demetrius,Maginn,dmaginnhz@usda.gov,Male,219.141.169.169
649,Wallace,Sunners,wsunnersi0@prlog.org,Male,167.145.105.36
650,Redford,Luckman,rluckmani1@yellowbook.com,Male,83.51.170.207
651,Celina,Flips,cflipsi2@xrea.com,Female,225.200.188.222
652,Carson,Hercock,chercocki3@mozilla.org,Male,238.21.227.89
653,Bettine,Labroue,blabrouei4@usa.gov,Female,136.234.63.181
654,Malachi,Petrashov,mpetrashovi5@amazon.co.jp,Non-binary,20.79.234.199
655,Terri,Machen,tmacheni6@nationalgeographic.com,Male,205.92.65.229
656,Noemi,Van Halen,nvanhaleni7@europa.eu,Female,66.159.15.122
657,Roderich,Dilke,rdilkei8@studiopress.com,Male,201.222.62.161
658,Ulla,Coners,uconersi9@wix.com,Genderfluid,43.192.188.238
659,Gawain,Ickowics,gickowicsia@walmart.com,Male,173.79.72.205
660,Almeria,Toothill,atoothillib@example.com,Female,150.166.132.102
661,Delora,Foker,dfokeric@spiegel.de,Female,195.95.178.82
662,Vina,Brunotti,vbrunottiid@bloglovin.com,Female,172.8.132.184
663,Eden,Benedick,ebenedickie@ustream.tv,Female,53.43.133.97
664,Cloe,Dorset,cdorsetif@who.int,Non-binary,71.198.140.3
665,Archibold,Firsby,afirsbyig@ucoz.ru,Male,148.86.167.26
666,Carlo,Thickens,cthickensih@hud.gov,Male,117.113.25.137
667,Matty,Trase,mtraseii@washingtonpost.com,Male,224.223.163.148
668,Prudy,Ranscome,pranscomeij@taobao.com,Female,86.112.39.71
669,Niki,Omar,nomarik@ning.com,Female,189.95.81.206
670,Killie,Valerius,kvaleriusil@answers.com,Male,84.27.91.131
671,Sunshine,Nurny,snurnyim@wufoo.com,Female,58.253.78.63
672,Heloise,Monahan,hmonahanin@who.int,Female,71.194.192.216
673,Packston,Tschursch,ptschurschio@shareasale.com,Male,2.76.190.167
674,Waring,Moran,wmoranip@4shared.com,Male,3.206.89.192
675,Glennie,Checchetelli,gchecchetelliiq@constantcontact.com,Bigender,216.24.89.7
676,Tomkin,Skellorne,tskellorneir@netlog.com,Male,79.174.135.127
677,Niels,Walford,nwalfordis@addtoany.com,Male,85.195.165.179
678,Amity,Dell Casa,adellcasait@technorati.com,Genderfluid,35.86.71.181
679,Andeee,Summers,asummersiu@gnu.org,Female,242.167.45.194
680,Christabel,Catling,ccatlingiv@weibo.com,Female,34.194.106.190
681,Gertruda,Bowller,gbowlleriw@tinypic.com,Genderfluid,12.236.37.231
682,Bren,McCerery,bmccereryix@tripadvisor.com,Male,219.189.165.15
683,Margery,Brockwell,mbrockwelliy@ucla.edu,Female,232.203.55.93
684,Gilbert,Queyeiro,gqueyeiroiz@zdnet.com,Male,51.59.56.52
685,Ainslie,O'Calleran,aocalleranj0@sogou.com,Female,190.127.44.63
686,Si,Parish,sparishj1@bloglines.com,Male,94.172.132.225
687,Nathanael,Jacobovitz,njacobovitzj2@creativecommons.org,Male,87.21.7.229
688,Dame,Chapelle,dchapellej3@weather.com,Male,32.170.87.77
689,Free,Woodwind,fwoodwindj4@jimdo.com,Male,238.33.27.45
690,Denys,Waghorn,dwaghornj5@php.net,Male,12.97.233.107
691,Toby,Backe,tbackej6@go.com,Agender,137.152.138.208
692,Daphene,Alvarado,dalvaradoj7@princeton.edu,Female,145.87.222.28
693,Salmon,Pashba,spashbaj8@usnews.com,Male,223.76.108.233
694,Justinian,Durn,jdurnj9@phpbb.com,Male,139.14.90.189
695,Tatiania,Goracci,tgoraccija@chron.com,Bigender,228.69.193.21
696,Virgil,Worsom,vworsomjb@vkontakte.ru,Male,234.60.237.192
697,Erhart,Thurborn,ethurbornjc@fda.gov,Male,195.117.199.138
698,Symon,Spence,sspencejd@multiply.com,Male,24.247.208.115
699,Berrie,Seamark,bseamarkje@mozilla.org,Female,34.6.44.204
700,Aeriel,MacGruer,amacgruerjf@tinyurl.com,Genderqueer,47.209.19.227
701,Bay,Bricknall,bbricknalljg@ted.com,Male,14.92.211.41
702,Clareta,Antonelli,cantonellijh@bloglovin.com,Female,15.165.211.208
703,Tracy,Eskriett,teskriettji@github.com,Male,168.152.100.240
704,Gawen,Gullick,ggullickjj@360.cn,Male,232.110.210.55
705,Darcy,Applegarth,dapplegarthjk@usnews.com,Male,183.15.202.86
706,Deanna,Ormistone,dormistonejl@twitter.com,Female,144.26.183.197
707,Christiano,Valdes,cvaldesjm@yahoo.co.jp,Male,240.57.183.237
708,Batholomew,Dysert,bdysertjn@bloglines.com,Male,35.95.116.213
709,Gusella,Walewski,gwalewskijo@1688.com,Female,22.192.225.21
710,Lynette,Dewire,ldewirejp@whitehouse.gov,Female,54.223.96.158
711,Carr,Piquard,cpiquardjq@ocn.ne.jp,Male,109.16.236.32
712,Philly,Ennion,pennionjr@china.com.cn,Female,207.121.216.52
713,Sibbie,Rraundl,srraundljs@kickstarter.com,Female,62.68.79.211
714,Alexi,Danilyak,adanilyakjt@clickbank.net,Female,25.150.149.155
715,Ellynn,Eunson,eeunsonju@plala.or.jp,Female,251.37.193.241
716,Karon,Quarmby,kquarmbyjv@e-recht24.de,Female,180.105.160.118
717,Katusha,Boulds,kbouldsjw@google.ca,Female,162.32.200.38
718,Esdras,Rhymes,erhymesjx@mac.com,Male,241.24.248.53
719,Barbe,Tichelaar,btichelaarjy@free.fr,Agender,62.210.240.52
720,Griffie,Ahren,gahrenjz@timesonline.co.uk,Male,75.91.186.52
721,Theo,Benza,tbenzak0@ifeng.com,Genderfluid,52.184.244.171
722,Augustine,Grassin,agrassink1@princeton.edu,Female,178.135.205.139
723,Kelwin,Mingardo,kmingardok2@amazon.co.uk,Male,242.255.222.200
724,Orlan,Hawtrey,ohawtreyk3@nsw.gov.au,Male,12.186.175.155
725,Hercule,Buckingham,hbuckinghamk4@google.pl,Male,169.208.149.46
726,Ives,Hoofe,ihoofek5@zimbio.com,Male,171.214.151.215
727,Osborne,Barkaway,obarkawayk6@goodreads.com,Male,43.31.101.167
728,Luz,Elleyne,lelleynek7@yale.edu,Female,234.40.230.95
729,Abby,Tivnan,ativnank8@php.net,Male,188.107.238.160
730,Evelin,Waltho,ewalthok9@ebay.com,Genderfluid,76.229.188.207
731,Norton,Vibert,nvibertka@sina.com.cn,Male,231.243.6.37
732,Cristy,Monsey,cmonseykb@mediafire.com,Female,46.202.101.130
733,Alberto,Kneesha,akneeshakc@liveinternet.ru,Male,140.129.138.61
734,Karlik,Phipps,kphippskd@reddit.com,Polygender,114.112.192.34
735,Cari,Strodder,cstrodderke@dyndns.org,Female,115.234.111.214
736,Cristina,Fairburne,cfairburnekf@webs.com,Female,16.64.122.111
737,Stearne,Blaase,sblaasekg@ibm.com,Male,146.194.244.240
738,Gabbi,Balharry,gbalharrykh@google.fr,Female,52.254.0.29
739,Alice,Coltherd,acoltherdki@telegraph.co.uk,Female,238.22.13.20
740,Roldan,Kamen,rkamenkj@ftc.gov,Male,10.11.15.155
741,Frankie,Casse,fcassekk@wordpress.org,Female,227.22.116.137
742,Horatio,Seagrove,hseagrovekl@usa.gov,Male,117.57.213.19
743,Darb,Banbrigge,dbanbriggekm@mlb.com,Female,175.121.89.18
744,Anthony,MacFall,amacfallkn@mozilla.com,Male,248.104.171.118
745,Cassondra,Killingsworth,ckillingsworthko@umich.edu,Female,229.33.196.36
746,Devin,Branscombe,dbranscombekp@omniture.com,Female,51.133.142.111
747,Shelba,Caldero,scalderokq@hp.com,Female,161.79.107.43
748,Shandeigh,Baudin,sbaudinkr@pbs.org,Female,63.142.210.124
749,Carlene,Jack,cjackks@webs.com,Bigender,198.214.158.91
750,Chuck,Meddemmen,cmeddemmenkt@webnode.com,Male,204.125.217.217
751,Thorstein,Mughal,tmughalku@pcworld.com,Male,89.30.166.44
752,Marven,Gemelli,mgemellikv@unicef.org,Genderfluid,117.147.157.203
753,Jodi,Le Blond,jleblondkw@hud.gov,Female,172.236.47.177
754,Mahmoud,Rossetti,mrossettikx@altervista.org,Male,53.234.199.4
755,Aurea,Mapham,amaphamky@ox.ac.uk,Female,48.80.25.245
756,Allissa,Gowen,agowenkz@addthis.com,Bigender,80.4.63.148
757,Avery,Brazer,abrazerl0@pen.io,Male,207.237.50.24
758,Aleda,Shawdforth,ashawdforthl1@ted.com,Female,240.34.22.189
759,Janna,Costall,jcostalll2@usatoday.com,Female,160.111.170.237
760,Kaela,Parram,kparraml3@indiegogo.com,Female,132.223.14.6
761,Jaime,Stair,jstairl4@prweb.com,Male,119.167.82.9
762,Cooper,Mithan,cmithanl5@blogtalkradio.com,Male,61.238.108.204
763,Ase,Pickerin,apickerinl6@imdb.com,Male,247.152.6.194
764,Bill,Yakobovicz,byakoboviczl7@oaic.gov.au,Male,111.211.152.67
765,Dominica,Gravatt,dgravattl8@sciencedaily.com,Female,114.121.54.10
766,Erl,Pedrazzi,epedrazzil9@ovh.net,Male,173.219.205.107
767,Kylynn,Lindenbluth,klindenbluthla@elpais.com,Female,123.120.238.124
768,Rubia,Cobain,rcobainlb@businessweek.com,Non-binary,3.216.124.209
769,Skyler,Bernardi,sbernardilc@angelfire.com,Male,48.123.171.77
770,Otho,Naper,onaperld@dmoz.org,Male,91.204.75.134
771,Archibaldo,Say,asayle@spiegel.de,Male,195.55.206.118
772,Alic,Mulqueen,amulqueenlf@geocities.com,Male,90.165.163.50
773,Errick,De Hooge,edehoogelg@live.com,Genderqueer,241.149.71.104
774,Thorn,Dowdam,tdowdamlh@shareasale.com,Male,173.255.213.136
775,Kiri,Godon,kgodonli@java.com,Female,114.44.39.211
776,Corella,Jestico,cjesticolj@sciencedaily.com,Female,2.140.107.161
777,Jillie,Vardy,jvardylk@quantcast.com,Female,238.93.70.82
778,Clemmy,Rignoldes,crignoldesll@economist.com,Male,245.239.46.198
779,Nicoli,Ellicock,nellicocklm@amazon.de,Female,103.194.248.129
780,Georgi,Cass,gcassln@ocn.ne.jp,Male,247.67.145.82
781,Merrill,Clymer,mclymerlo@shinystat.com,Female,131.161.129.191
782,Hallie,Mullin,hmullinlp@digg.com,Female,18.60.60.109
783,Clemmy,Sign,csignlq@privacy.gov.au,Female,161.255.200.172
784,Gil,McCrow,gmccrowlr@springer.com,Male,252.144.225.133
785,Solomon,Jagger,sjaggerls@nasa.gov,Non-binary,68.214.255.224
786,Jefferey,de Mullett,jdemullettlt@reverbnation.com,Male,103.31.48.181
787,Curry,Pellew,cpellewlu@pagesperso-orange.fr,Male,233.24.213.142
788,Jerrome,Turmell,jturmelllv@zimbio.com,Male,246.77.187.40
789,Timmy,Georgelin,tgeorgelinlw@huffingtonpost.com,Female,132.181.88.33
790,Temple,Whartonby,twhartonbylx@icio.us,Male,85.215.70.38
791,Jarid,Klemmt,jklemmtly@spiegel.de,Male,184.40.135.39
792,Calhoun,Gurery,cgurerylz@apache.org,Male,216.8.151.7
793,Laughton,Van der Spohr,lvanderspohrm0@wix.com,Male,152.238.105.193
794,Ferdinanda,Sillitoe,fsillitoem1@tinypic.com,Female,142.100.200.3
795,Barney,Haynes,bhaynesm2@tumblr.com,Male,124.218.11.85
796,Amber,Davoren,adavorenm3@infoseek.co.jp,Female,72.194.106.37
797,Esmeralda,Jopson,ejopsonm4@mtv.com,Female,220.172.115.135
798,Cele,Attwell,cattwellm5@shutterfly.com,Female,26.16.19.76
799,Vanessa,Mellsop,vmellsopm6@ebay.com,Female,105.119.223.220
800,Thelma,Stooders,tstoodersm7@technorati.com,Female,10.251.242.25
801,Junia,Goligher,jgoligherm8@ebay.com,Genderqueer,0.252.252.190
802,Natalina,Waters,nwatersm9@acquirethisname.com,Polygender,102.114.153.162
803,Berte,Kincey,bkinceyma@yellowbook.com,Female,190.144.16.255
804,Melvyn,Bellsham,mbellshammb@networkadvertising.org,Male,61.63.176.68
805,Dimitri,McAllan,dmcallanmc@mozilla.com,Male,83.212.170.182
806,Gifford,Ausiello,gausiellomd@loc.gov,Male,30.59.12.217
807,Jyoti,Welland,jwellandme@berkeley.edu,Female,190.247.98.23
808,Liliane,Gringley,lgringleymf@drupal.org,Female,90.222.183.200
809,Ax,MacGahy,amacgahymg@senate.gov,Genderqueer,70.76.202.59
810,Michell,Gorsse,mgorssemh@mapy.cz,Female,204.29.205.7
811,Randal,Narbett,rnarbettmi@dagondesign.com,Male,239.196.236.200
812,Cinderella,Bowne,cbownemj@jimdo.com,Female,16.89.200.199
813,Lorry,Morais,lmoraismk@sakura.ne.jp,Male,136.5.81.113
814,Mia,Jarrelt,mjarreltml@amazonaws.com,Female,255.114.41.33
815,Erek,Lydster,elydstermm@slate.com,Male,236.69.60.118
816,Kenna,Kenwright,kkenwrightmn@imageshack.us,Female,123.26.9.165
817,Rana,Primmer,rprimmermo@washingtonpost.com,Non-binary,34.55.233.204
818,Wylie,Jerome,wjeromemp@zimbio.com,Male,71.254.33.1
819,Bucky,Edgeon,bedgeonmq@macromedia.com,Male,209.85.219.207
820,Shepperd,Rodolf,srodolfmr@drupal.org,Male,112.180.243.193
821,Noble,Gorner,ngornerms@auda.org.au,Male,56.239.147.189
822,Gui,Szach,gszachmt@yahoo.com,Female,44.224.145.185
823,Kriste,Dorkens,kdorkensmu@unicef.org,Female,197.21.168.227
824,Kurt,Reddish,kreddishmv@springer.com,Male,122.252.238.97
825,Belinda,Bolden,bboldenmw@goo.gl,Female,252.9.169.248
826,Abel,Burger,aburgermx@dmoz.org,Male,57.182.198.203
827,Starlene,Ruilton,sruiltonmy@eventbrite.com,Female,46.10.126.249
828,Lyon,Planque,lplanquemz@yellowbook.com,Male,105.219.185.35
829,Sebastiano,Marklin,smarklinn0@dion.ne.jp,Male,11.84.1.253
830,Arie,Harries,aharriesn1@apple.com,Bigender,55.226.171.119
831,Darius,Hartley,dhartleyn2@printfriendly.com,Male,124.35.199.57
832,Ivan,Tibbotts,itibbottsn3@artisteer.com,Agender,225.70.161.231
833,Tallia,Hariot,thariotn4@sciencedaily.com,Female,199.24.117.243
834,Anatole,Klimkin,aklimkinn5@pen.io,Male,62.183.46.132
835,Lauritz,Chidley,lchidleyn6@reference.com,Male,165.206.172.28
836,Ronica,Leatherland,rleatherlandn7@furl.net,Female,61.197.168.66
837,Karin,Easlea,keaslean8@newsvine.com,Female,132.225.245.36
838,Fay,Wiley,fwileyn9@newyorker.com,Female,78.75.175.95
839,Lorna,Clutterbuck,lclutterbuckna@gnu.org,Female,248.59.11.172
840,Vasilis,Wardingley,vwardingleynb@taobao.com,Male,219.141.73.86
841,Leslie,Loud,lloudnc@sciencedirect.com,Male,113.86.45.105
842,Kelbee,Mungane,kmunganend@epa.gov,Male,3.71.86.137
843,Kennan,Stuer,kstuerne@epa.gov,Male,58.51.23.245
844,Abdul,Girth,agirthnf@virginia.edu,Male,182.158.173.209
845,Dexter,Benneton,dbennetonng@eepurl.com,Male,84.18.186.99
846,Jerry,Gooble,jgooblenh@newsvine.com,Male,127.180.217.255
847,Ellyn,Gosden,egosdenni@blogs.com,Female,51.232.97.188
848,Penn,Youle,pyoulenj@cloudflare.com,Male,116.233.196.12
849,Case,Ellins,cellinsnk@rediff.com,Male,215.55.233.192
850,Scarlett,Oldam,soldamnl@blogs.com,Female,244.2.244.154
851,Midge,Pyke,mpykenm@dropbox.com,Female,213.56.83.221
852,Winona,Bradnick,wbradnicknn@cpanel.net,Female,141.107.138.92
853,Merry,Dowsett,mdowsettno@digg.com,Male,191.221.113.220
854,Sanford,Clayal,sclayalnp@scientificamerican.com,Male,242.1.207.165
855,Florinda,Rubbert,frubbertnq@china.com.cn,Female,143.87.47.218
856,Hermann,Houseley,hhouseleynr@zdnet.com,Male,120.34.205.69
857,Germana,Cattrall,gcattrallns@nymag.com,Female,46.247.255.241
858,Kerianne,Paye,kpayent@virginia.edu,Female,10.248.30.82
859,Wendi,Dugget,wduggetnu@prlog.org,Female,236.110.97.23
860,Tomkin,Dannett,tdannettnv@woothemes.com,Male,217.111.31.189
861,Maggie,Oherlihy,moherlihynw@g.co,Female,109.134.104.203
862,Ofella,Yeowell,oyeowellnx@opensource.org,Female,177.25.154.38
863,Donnajean,Anker,dankerny@slideshare.net,Female,208.5.133.174
864,Cob,Wadforth,cwadforthnz@ox.ac.uk,Male,155.38.95.13
865,Vincent,Dulling,vdullingo0@seattletimes.com,Male,165.15.111.159
866,Paule,Sabates,psabateso1@nasa.gov,Female,35.101.86.36
867,Tanitansy,Falco,tfalcoo2@google.es,Female,175.144.4.160
868,Leta,Grutchfield,lgrutchfieldo3@blinklist.com,Female,125.158.77.17
869,Sherrie,Mityakov,smityakovo4@discovery.com,Agender,100.215.96.44
870,Caprice,Fieldstone,cfieldstoneo5@hugedomains.com,Female,237.94.190.199
871,Nada,Towle,ntowleo6@infoseek.co.jp,Female,26.156.126.231
872,Shayna,Favel,sfavelo7@bing.com,Female,112.186.154.145
873,Luci,Lovatt,llovatto8@harvard.edu,Female,100.90.208.172
874,Ludwig,Marder,lmardero9@de.vu,Male,115.184.174.221
875,Arley,Carress,acarressoa@phoca.cz,Male,144.179.124.14
876,Mercie,Yeld,myeldob@yellowbook.com,Female,92.166.33.215
877,Dallon,Sergant,dsergantoc@storify.com,Male,3.77.183.211
878,Sherwood,Dreakin,sdreakinod@ted.com,Male,30.27.11.20
879,Archibold,McCann,amccannoe@illinois.edu,Male,215.18.21.161
880,Analiese,Izen,aizenof@toplist.cz,Female,195.83.89.89
881,Selestina,Rignold,srignoldog@prweb.com,Female,69.173.79.231
882,Garald,Mapletoft,gmapletoftoh@google.de,Male,18.80.203.225
883,Joachim,Venart,jvenartoi@netlog.com,Male,19.194.142.251
884,Torry,Checcuzzi,tcheccuzzioj@hexun.com,Male,164.110.186.96
885,Salvidor,Sukbhans,ssukbhansok@home.pl,Male,178.24.166.98
886,Susy,Wilsee,swilseeol@ebay.co.uk,Female,20.93.51.4
887,Robinet,Arnaldy,rarnaldyom@google.it,Female,210.55.220.101
888,Reine,Neat,rneaton@google.ru,Female,136.190.148.65
889,Torry,Hubert,thubertoo@wordpress.org,Male,39.199.54.134
890,Jack,Dowbakin,jdowbakinop@alexa.com,Male,218.48.78.225
891,Amalea,Eynaud,aeynaudoq@mapy.cz,Female,123.183.199.108
892,Carley,Westman,cwestmanor@noaa.gov,Female,10.52.238.15
893,Cissy,Wadsworth,cwadsworthos@phoca.cz,Female,222.238.140.229
894,Aloisia,Goldbourn,agoldbournot@dagondesign.com,Female,100.190.181.234
895,Julianne,Bruhnicke,jbruhnickeou@tinypic.com,Female,142.217.145.238
896,Hillyer,Grumble,hgrumbleov@chron.com,Male,157.43.64.250
897,Sharline,Huge,shugeow@phpbb.com,Female,175.224.27.222
898,Romonda,Heakey,rheakeyox@jiathis.com,Female,173.254.221.93
899,Beilul,Coultass,bcoultassoy@rakuten.co.jp,Polygender,115.217.72.199
900,Jaye,Hawtrey,jhawtreyoz@ycombinator.com,Genderfluid,246.90.145.127
901,Gawain,Jarmaine,gjarmainep0@spiegel.de,Male,245.18.219.212
902,Curr,Lloyds,clloydsp1@java.com,Male,200.103.60.114
903,Nicky,Lovart,nlovartp2@nifty.com,Polygender,42.201.167.181
904,Wilden,Culshew,wculshewp3@freewebs.com,Male,26.114.164.83
905,Dela,Bullen,dbullenp4@bandcamp.com,Genderqueer,152.168.108.55
906,Bail,Wernher,bwernherp5@guardian.co.uk,Male,35.250.225.164
907,Massimiliano,Beidebeke,mbeidebekep6@google.it,Male,237.213.31.115
908,Putnam,Hayto,phaytop7@com.com,Male,34.116.49.226
909,Genevra,Elsby,gelsbyp8@comcast.net,Female,81.60.93.112
910,Jae,Collingham,jcollinghamp9@networksolutions.com,Male,120.30.152.74
911,Arie,Benedito,abeneditopa@merriam-webster.com,Male,152.207.28.100
912,Lethia,Mewett,lmewettpb@virginia.edu,Female,32.33.206.163
913,Cordie,Gleader,cgleaderpc@un.org,Male,235.233.89.106
914,Trixy,Oag,toagpd@princeton.edu,Female,209.235.4.94
915,Agnes,Trewartha,atrewarthape@123-reg.co.uk,Female,36.100.162.245
916,Issie,Gopsell,igopsellpf@yelp.com,Female,194.245.105.190
917,Donavon,Grebbin,dgrebbinpg@smh.com.au,Male,8.6.30.37
918,Huberto,Braven,hbravenph@macromedia.com,Male,187.134.156.224
919,Dennet,Withull,dwithullpi@posterous.com,Male,125.144.252.153
920,Odella,Cecchi,ocecchipj@wufoo.com,Female,220.177.212.196
921,Kaitlyn,Hamelyn,khamelynpk@ucoz.ru,Female,138.221.207.54
922,Kandace,Gatehouse,kgatehousepl@tripod.com,Female,177.226.150.175
923,Natalee,Cooling,ncoolingpm@earthlink.net,Female,173.189.203.25
924,Caresse,Kernock,ckernockpn@ucla.edu,Female,153.155.26.120
925,Marcelline,Pywell,mpywellpo@apache.org,Female,209.124.87.185
926,Pat,Stallard,pstallardpp@hao123.com,Female,157.48.61.181
927,Karlee,Slegg,ksleggpq@hexun.com,Female,170.172.189.231
928,Annmaria,Weir,aweirpr@bravesites.com,Female,151.203.175.29
929,Francklin,Hauxwell,fhauxwellps@cmu.edu,Male,135.178.218.233
930,Vladamir,Cabble,vcabblept@nhs.uk,Genderqueer,191.165.130.52
931,Mercy,Rash,mrashpu@oracle.com,Female,191.146.81.239
932,Bamby,Klewi,bklewipv@sciencedaily.com,Female,31.239.71.95
933,Imelda,Ferrao,iferraopw@va.gov,Female,156.69.218.48
934,Quill,Wallbank,qwallbankpx@clickbank.net,Male,127.200.21.232
935,Merle,Atherley,matherleypy@spotify.com,Male,109.232.48.245
936,Mercy,Rohloff,mrohloffpz@weebly.com,Female,56.62.35.161
937,Craggie,Helgass,chelgassq0@hugedomains.com,Male,238.98.174.232
938,Rosaleen,Kenyam,rkenyamq1@mediafire.com,Female,100.137.120.3
939,Wayland,Dufore,wduforeq2@nifty.com,Genderqueer,85.198.233.74
940,Ursa,Rubinsohn,urubinsohnq3@hugedomains.com,Female,119.9.43.72
941,Amii,Mountjoy,amountjoyq4@hc360.com,Female,113.6.173.183
942,Nicol,Bischof,nbischofq5@google.de,Male,223.19.161.117
943,Freddie,MacDearmont,fmacdearmontq6@hc360.com,Male,252.34.22.189
944,Gerhard,Preon,gpreonq7@businessweek.com,Male,69.179.113.211
945,Loralyn,Badini,lbadiniq8@dailymotion.com,Female,180.203.125.2
946,Ronni,Kermeen,rkermeenq9@intel.com,Female,33.83.239.139
947,Shirlee,Pevsner,spevsnerqa@macromedia.com,Female,174.68.237.166
948,Kaela,Whiscard,kwhiscardqb@npr.org,Female,18.188.118.255
949,Madlin,Hanmore,mhanmoreqc@reddit.com,Female,56.245.18.51
950,Garwood,Etherson,gethersonqd@bandcamp.com,Male,63.189.9.96
951,Andromache,Powrie,apowrieqe@dailymail.co.uk,Female,17.114.100.38
952,Tobi,Harrad,tharradqf@webs.com,Female,74.195.59.85
953,Amble,Matussevich,amatussevichqg@gravatar.com,Male,63.152.15.190
954,Bryna,Emanulsson,bemanulssonqh@wiley.com,Female,101.56.43.125
955,Vasilis,Rozier,vrozierqi@lycos.com,Male,198.2.138.41
956,Addi,Blakeley,ablakeleyqj@nih.gov,Female,43.136.107.188
957,Sharline,Glentworth,sglentworthqk@patch.com,Agender,123.247.223.63
958,Ebeneser,Finnemore,efinnemoreql@linkedin.com,Male,11.197.56.237
959,Adeline,Shiril,ashirilqm@yahoo.co.jp,Female,119.111.188.104
960,Angelina,Mobbs,amobbsqn@mapquest.com,Non-binary,139.35.44.232
961,Felipe,Goodfield,fgoodfieldqo@istockphoto.com,Male,101.161.75.11
962,Alysia,Corinton,acorintonqp@twitter.com,Female,248.120.186.234
963,Gianna,Ledrun,gledrunqq@mac.com,Female,144.96.71.176
964,Thacher,Rijkeseis,trijkeseisqr@google.cn,Male,87.67.48.26
965,Ninon,Crippes,ncrippesqs@china.com.cn,Female,92.6.150.143
966,Ely,Dishman,edishmanqt@chicagotribune.com,Male,41.142.236.187
967,Bone,Keane,bkeanequ@google.com.br,Male,21.88.214.8
968,Hamil,Fearnley,hfearnleyqv@rambler.ru,Male,32.235.188.19
969,Gussi,Kilrow,gkilrowqw@bloglovin.com,Female,37.97.166.79
970,Antoinette,Marin,amarinqx@cdbaby.com,Female,56.150.167.95
971,Emyle,Voelker,evoelkerqy@canalblog.com,Genderfluid,143.149.91.105
972,Thaxter,Maplesden,tmaplesdenqz@dion.ne.jp,Male,66.132.189.120
973,Burt,Laurisch,blaurischr0@nyu.edu,Male,137.169.157.42
974,Hilario,Murname,hmurnamer1@feedburner.com,Male,140.70.89.179
975,Giordano,Corish,gcorishr2@ycombinator.com,Male,41.18.159.4
976,Nicol,Frickey,nfrickeyr3@istockphoto.com,Male,46.224.211.164
977,Leslie,Lorence,llorencer4@twitter.com,Female,95.197.237.227
978,Gertie,De Freitas,gdefreitasr5@cmu.edu,Female,50.81.145.49
979,Heindrick,Floyde,hfloyder6@zdnet.com,Male,98.252.48.111
980,Chic,Waring,cwaringr7@1und1.de,Male,237.135.85.71
981,Gabriel,Bramham,gbramhamr8@myspace.com,Bigender,199.92.6.65
982,Meridel,Scolding,mscoldingr9@dropbox.com,Agender,116.248.171.39
983,Charin,Pichmann,cpichmannra@timesonline.co.uk,Female,0.191.121.89
984,Marta,Duffie,mduffierb@flickr.com,Polygender,242.207.244.68
985,Malva,Benneyworth,mbenneyworthrc@sakura.ne.jp,Female,174.9.249.132
986,Salomone,Garber,sgarberrd@harvard.edu,Male,215.30.209.177
987,Jean,Capon,jcaponre@tripadvisor.com,Female,81.218.228.133
988,Maye,Gardiner,mgardinerrf@youtu.be,Female,197.69.54.52
989,Dorella,Franseco,dfransecorg@ed.gov,Agender,235.54.207.77
990,Bowie,Cordell,bcordellrh@fc2.com,Bigender,174.226.78.45
991,Ag,Thunnercliff,athunnercliffri@amazon.de,Female,60.4.152.120
992,Godfry,Littlekit,glittlekitrj@prweb.com,Male,118.145.106.40
993,Ruthann,Stickney,rstickneyrk@ftc.gov,Female,201.4.17.171
994,Chase,Gregine,cgreginerl@buzzfeed.com,Male,60.121.228.54
995,Radcliffe,Raikes,rraikesrm@techcrunch.com,Male,49.203.99.135
996,Porter,Antrag,pantragrn@microsoft.com,Male,43.186.222.241
997,Gwenette,Northleigh,gnorthleighro@hhs.gov,Female,143.76.250.127
998,Winthrop,Fergusson,wfergussonrp@spotify.com,Male,218.142.92.74
999,Hart,Sabate,hsabaterq@shutterfly.com,Male,122.35.29.5
1000,Vanni,Liston,vlistonrr@sbwire.com,Female,210.177.7.128
